--
-- PostgreSQL database dump
--

\restrict CeZvDkdgaoW01PLNoE187NdxroeRSsPvUNW3KunAahoaVxoLvb28sCwLe0bMyTH

-- Dumped from database version 16.10 (Debian 16.10-1.pgdg13+1)
-- Dumped by pg_dump version 16.10 (Debian 16.10-1.pgdg13+1)

SET statement_timeout = 0;
SET lock_timeout = 0;
SET idle_in_transaction_session_timeout = 0;
SET client_encoding = 'UTF8';
SET standard_conforming_strings = on;
SELECT pg_catalog.set_config('search_path', '', false);
SET check_function_bodies = false;
SET xmloption = content;
SET client_min_messages = warning;
SET row_security = off;

SET default_tablespace = '';

SET default_table_access_method = heap;

--
-- Name: auth_group; Type: TABLE; Schema: public; Owner: postgres
--

CREATE TABLE public.auth_group (
    id integer NOT NULL,
    name character varying(150) NOT NULL
);


ALTER TABLE public.auth_group OWNER TO postgres;

--
-- Name: auth_group_id_seq; Type: SEQUENCE; Schema: public; Owner: postgres
--

ALTER TABLE public.auth_group ALTER COLUMN id ADD GENERATED BY DEFAULT AS IDENTITY (
    SEQUENCE NAME public.auth_group_id_seq
    START WITH 1
    INCREMENT BY 1
    NO MINVALUE
    NO MAXVALUE
    CACHE 1
);


--
-- Name: auth_group_permissions; Type: TABLE; Schema: public; Owner: postgres
--

CREATE TABLE public.auth_group_permissions (
    id integer NOT NULL,
    group_id integer NOT NULL,
    permission_id integer NOT NULL
);


ALTER TABLE public.auth_group_permissions OWNER TO postgres;

--
-- Name: auth_group_permissions_id_seq; Type: SEQUENCE; Schema: public; Owner: postgres
--

ALTER TABLE public.auth_group_permissions ALTER COLUMN id ADD GENERATED BY DEFAULT AS IDENTITY (
    SEQUENCE NAME public.auth_group_permissions_id_seq
    START WITH 1
    INCREMENT BY 1
    NO MINVALUE
    NO MAXVALUE
    CACHE 1
);


--
-- Name: auth_permission; Type: TABLE; Schema: public; Owner: postgres
--

CREATE TABLE public.auth_permission (
    id integer NOT NULL,
    name character varying(255) NOT NULL,
    content_type_id integer NOT NULL,
    codename character varying(100) NOT NULL
);


ALTER TABLE public.auth_permission OWNER TO postgres;

--
-- Name: auth_permission_id_seq; Type: SEQUENCE; Schema: public; Owner: postgres
--

ALTER TABLE public.auth_permission ALTER COLUMN id ADD GENERATED BY DEFAULT AS IDENTITY (
    SEQUENCE NAME public.auth_permission_id_seq
    START WITH 1
    INCREMENT BY 1
    NO MINVALUE
    NO MAXVALUE
    CACHE 1
);


--
-- Name: auth_user; Type: TABLE; Schema: public; Owner: postgres
--

CREATE TABLE public.auth_user (
    id integer NOT NULL,
    password character varying(128) NOT NULL,
    last_login timestamp with time zone,
    is_superuser boolean NOT NULL,
    username character varying(150) NOT NULL,
    first_name character varying(150) NOT NULL,
    last_name character varying(150) NOT NULL,
    email character varying(254) NOT NULL,
    is_staff boolean NOT NULL,
    is_active boolean NOT NULL,
    date_joined timestamp with time zone NOT NULL
);


ALTER TABLE public.auth_user OWNER TO postgres;

--
-- Name: auth_user_groups; Type: TABLE; Schema: public; Owner: postgres
--

CREATE TABLE public.auth_user_groups (
    id integer NOT NULL,
    user_id integer NOT NULL,
    group_id integer NOT NULL
);


ALTER TABLE public.auth_user_groups OWNER TO postgres;

--
-- Name: auth_user_groups_id_seq; Type: SEQUENCE; Schema: public; Owner: postgres
--

ALTER TABLE public.auth_user_groups ALTER COLUMN id ADD GENERATED BY DEFAULT AS IDENTITY (
    SEQUENCE NAME public.auth_user_groups_id_seq
    START WITH 1
    INCREMENT BY 1
    NO MINVALUE
    NO MAXVALUE
    CACHE 1
);


--
-- Name: auth_user_id_seq; Type: SEQUENCE; Schema: public; Owner: postgres
--

ALTER TABLE public.auth_user ALTER COLUMN id ADD GENERATED BY DEFAULT AS IDENTITY (
    SEQUENCE NAME public.auth_user_id_seq
    START WITH 1
    INCREMENT BY 1
    NO MINVALUE
    NO MAXVALUE
    CACHE 1
);


--
-- Name: auth_user_user_permissions; Type: TABLE; Schema: public; Owner: postgres
--

CREATE TABLE public.auth_user_user_permissions (
    id integer NOT NULL,
    user_id integer NOT NULL,
    permission_id integer NOT NULL
);


ALTER TABLE public.auth_user_user_permissions OWNER TO postgres;

--
-- Name: auth_user_user_permissions_id_seq; Type: SEQUENCE; Schema: public; Owner: postgres
--

ALTER TABLE public.auth_user_user_permissions ALTER COLUMN id ADD GENERATED BY DEFAULT AS IDENTITY (
    SEQUENCE NAME public.auth_user_user_permissions_id_seq
    START WITH 1
    INCREMENT BY 1
    NO MINVALUE
    NO MAXVALUE
    CACHE 1
);


--
-- Name: authtoken_token; Type: TABLE; Schema: public; Owner: postgres
--

CREATE TABLE public.authtoken_token (
    key character varying(40) NOT NULL,
    created timestamp with time zone NOT NULL,
    user_id integer NOT NULL
);


ALTER TABLE public.authtoken_token OWNER TO postgres;

--
-- Name: beedb_apiary; Type: TABLE; Schema: public; Owner: postgres
--

CREATE TABLE public.beedb_apiary (
    id integer NOT NULL,
    "apiaryID" character varying(50) NOT NULL,
    descr text,
    latitude numeric(12,7) NOT NULL,
    longitude numeric(12,7) NOT NULL,
    "ownerResident" character varying(200),
    "residentPhone" character varying(50),
    address text,
    location text,
    hazards text,
    beek_id integer NOT NULL
);


ALTER TABLE public.beedb_apiary OWNER TO postgres;

--
-- Name: beedb_apiary_id_seq; Type: SEQUENCE; Schema: public; Owner: postgres
--

ALTER TABLE public.beedb_apiary ALTER COLUMN id ADD GENERATED BY DEFAULT AS IDENTITY (
    SEQUENCE NAME public.beedb_apiary_id_seq
    START WITH 1
    INCREMENT BY 1
    NO MINVALUE
    NO MAXVALUE
    CACHE 1
);


--
-- Name: beedb_audit; Type: TABLE; Schema: public; Owner: postgres
--

CREATE TABLE public.beedb_audit (
    id integer NOT NULL,
    dt timestamp with time zone,
    transaction_cd integer NOT NULL,
    detail text,
    apiary_id integer,
    beek_id integer NOT NULL,
    colony_id integer,
    colony1_id integer,
    transfer_id integer
);


ALTER TABLE public.beedb_audit OWNER TO postgres;

--
-- Name: beedb_audit_id_seq; Type: SEQUENCE; Schema: public; Owner: postgres
--

ALTER TABLE public.beedb_audit ALTER COLUMN id ADD GENERATED BY DEFAULT AS IDENTITY (
    SEQUENCE NAME public.beedb_audit_id_seq
    START WITH 1
    INCREMENT BY 1
    NO MINVALUE
    NO MAXVALUE
    CACHE 1
);


--
-- Name: beedb_colony; Type: TABLE; Schema: public; Owner: postgres
--

CREATE TABLE public.beedb_colony (
    id integer NOT NULL,
    "colonyID" character varying(50) NOT NULL,
    descr text,
    notes text,
    status character varying(1) NOT NULL,
    status_dt timestamp with time zone,
    "lastAction" timestamp with time zone,
    "queenRight" boolean NOT NULL,
    size integer NOT NULL,
    apiary_id integer NOT NULL
);


ALTER TABLE public.beedb_colony OWNER TO postgres;

--
-- Name: beedb_colony_id_seq; Type: SEQUENCE; Schema: public; Owner: postgres
--

ALTER TABLE public.beedb_colony ALTER COLUMN id ADD GENERATED BY DEFAULT AS IDENTITY (
    SEQUENCE NAME public.beedb_colony_id_seq
    START WITH 1
    INCREMENT BY 1
    NO MINVALUE
    NO MAXVALUE
    CACHE 1
);


--
-- Name: beedb_config; Type: TABLE; Schema: public; Owner: postgres
--

CREATE TABLE public.beedb_config (
    id integer NOT NULL,
    key character varying(500) NOT NULL,
    "configDt" timestamp with time zone,
    "configValue" double precision,
    "lastUpdate" timestamp with time zone
);


ALTER TABLE public.beedb_config OWNER TO postgres;

--
-- Name: beedb_config_id_seq; Type: SEQUENCE; Schema: public; Owner: postgres
--

ALTER TABLE public.beedb_config ALTER COLUMN id ADD GENERATED BY DEFAULT AS IDENTITY (
    SEQUENCE NAME public.beedb_config_id_seq
    START WITH 1
    INCREMENT BY 1
    NO MINVALUE
    NO MAXVALUE
    CACHE 1
);


--
-- Name: beedb_diary; Type: TABLE; Schema: public; Owner: postgres
--

CREATE TABLE public.beedb_diary (
    id integer NOT NULL,
    "createdDt" timestamp with time zone,
    "startDt" timestamp with time zone,
    "dueDt" timestamp with time zone NOT NULL,
    "notifyDt" timestamp with time zone,
    subject character varying(100),
    details text,
    completed boolean NOT NULL,
    apiary_id integer,
    beek_id integer NOT NULL,
    colony_id integer
);


ALTER TABLE public.beedb_diary OWNER TO postgres;

--
-- Name: beedb_diary_id_seq; Type: SEQUENCE; Schema: public; Owner: postgres
--

ALTER TABLE public.beedb_diary ALTER COLUMN id ADD GENERATED BY DEFAULT AS IDENTITY (
    SEQUENCE NAME public.beedb_diary_id_seq
    START WITH 1
    INCREMENT BY 1
    NO MINVALUE
    NO MAXVALUE
    CACHE 1
);


--
-- Name: beedb_feedback; Type: TABLE; Schema: public; Owner: postgres
--

CREATE TABLE public.beedb_feedback (
    id integer NOT NULL,
    subject character varying(100) NOT NULL,
    detail text,
    "feedbackType" character varying(1) NOT NULL,
    status character varying(1),
    "devComment" text,
    "createdDt" timestamp with time zone NOT NULL,
    "lstStatusDt" timestamp with time zone,
    "lstCommentDt" timestamp with time zone,
    beek_id integer NOT NULL
);


ALTER TABLE public.beedb_feedback OWNER TO postgres;

--
-- Name: beedb_feedback_id_seq; Type: SEQUENCE; Schema: public; Owner: postgres
--

ALTER TABLE public.beedb_feedback ALTER COLUMN id ADD GENERATED BY DEFAULT AS IDENTITY (
    SEQUENCE NAME public.beedb_feedback_id_seq
    START WITH 1
    INCREMENT BY 1
    NO MINVALUE
    NO MAXVALUE
    CACHE 1
);


--
-- Name: beedb_inspection; Type: TABLE; Schema: public; Owner: postgres
--

CREATE TABLE public.beedb_inspection (
    id integer NOT NULL,
    dt timestamp with time zone,
    notes text,
    numbers integer NOT NULL,
    eggs integer NOT NULL,
    varroa integer NOT NULL,
    weight integer NOT NULL,
    disease integer NOT NULL,
    temper integer NOT NULL,
    queen_seen boolean NOT NULL,
    size integer,
    colony_id integer NOT NULL
);


ALTER TABLE public.beedb_inspection OWNER TO postgres;

--
-- Name: beedb_inspection_id_seq; Type: SEQUENCE; Schema: public; Owner: postgres
--

ALTER TABLE public.beedb_inspection ALTER COLUMN id ADD GENERATED BY DEFAULT AS IDENTITY (
    SEQUENCE NAME public.beedb_inspection_id_seq
    START WITH 1
    INCREMENT BY 1
    NO MINVALUE
    NO MAXVALUE
    CACHE 1
);


--
-- Name: beedb_message; Type: TABLE; Schema: public; Owner: postgres
--

CREATE TABLE public.beedb_message (
    id integer NOT NULL,
    subject character varying(100) NOT NULL,
    body text,
    html text,
    processed boolean NOT NULL,
    "createdDt" timestamp with time zone NOT NULL,
    "processedDt" timestamp with time zone,
    beek_id integer NOT NULL
);


ALTER TABLE public.beedb_message OWNER TO postgres;

--
-- Name: beedb_message_id_seq; Type: SEQUENCE; Schema: public; Owner: postgres
--

ALTER TABLE public.beedb_message ALTER COLUMN id ADD GENERATED BY DEFAULT AS IDENTITY (
    SEQUENCE NAME public.beedb_message_id_seq
    START WITH 1
    INCREMENT BY 1
    NO MINVALUE
    NO MAXVALUE
    CACHE 1
);


--
-- Name: beedb_picture; Type: TABLE; Schema: public; Owner: postgres
--

CREATE TABLE public.beedb_picture (
    id integer NOT NULL,
    title character varying(100) NOT NULL,
    img character varying(100) NOT NULL,
    "uploadDt" timestamp with time zone NOT NULL,
    apiary_id integer,
    beek_id integer,
    colony_id integer,
    inspection_id integer
);


ALTER TABLE public.beedb_picture OWNER TO postgres;

--
-- Name: beedb_picture_id_seq; Type: SEQUENCE; Schema: public; Owner: postgres
--

ALTER TABLE public.beedb_picture ALTER COLUMN id ADD GENERATED BY DEFAULT AS IDENTITY (
    SEQUENCE NAME public.beedb_picture_id_seq
    START WITH 1
    INCREMENT BY 1
    NO MINVALUE
    NO MAXVALUE
    CACHE 1
);


--
-- Name: beedb_profile; Type: TABLE; Schema: public; Owner: postgres
--

CREATE TABLE public.beedb_profile (
    id integer NOT NULL,
    "phoneNumber" character varying(50),
    "bkRegistration" character varying(10),
    address text,
    "inspectPeriodSummer" integer NOT NULL,
    "inspectPeriodAutumn" integer NOT NULL,
    "inspectPeriodWinter" integer NOT NULL,
    "inspectPeriodSpring" integer NOT NULL,
    "inspectHealthIndex" boolean NOT NULL,
    "inspectManualIndex" boolean NOT NULL,
    "inspectDiaryAdd" boolean NOT NULL,
    "commsWeeklySummary" boolean NOT NULL,
    "commsInspectionReminder" boolean NOT NULL,
    "commsLstWeeklyEmail" timestamp with time zone,
    "lastApiary_id" integer,
    user_id integer NOT NULL
);


ALTER TABLE public.beedb_profile OWNER TO postgres;

--
-- Name: beedb_profile_id_seq; Type: SEQUENCE; Schema: public; Owner: postgres
--

ALTER TABLE public.beedb_profile ALTER COLUMN id ADD GENERATED BY DEFAULT AS IDENTITY (
    SEQUENCE NAME public.beedb_profile_id_seq
    START WITH 1
    INCREMENT BY 1
    NO MINVALUE
    NO MAXVALUE
    CACHE 1
);


--
-- Name: beedb_sizechoice; Type: TABLE; Schema: public; Owner: postgres
--

CREATE TABLE public.beedb_sizechoice (
    id integer NOT NULL,
    size integer NOT NULL,
    type character varying(10) NOT NULL,
    value integer NOT NULL,
    text character varying(40) NOT NULL
);


ALTER TABLE public.beedb_sizechoice OWNER TO postgres;

--
-- Name: beedb_sizechoice_id_seq; Type: SEQUENCE; Schema: public; Owner: postgres
--

ALTER TABLE public.beedb_sizechoice ALTER COLUMN id ADD GENERATED BY DEFAULT AS IDENTITY (
    SEQUENCE NAME public.beedb_sizechoice_id_seq
    START WITH 1
    INCREMENT BY 1
    NO MINVALUE
    NO MAXVALUE
    CACHE 1
);


--
-- Name: beedb_transfer; Type: TABLE; Schema: public; Owner: postgres
--

CREATE TABLE public.beedb_transfer (
    id integer NOT NULL,
    dt timestamp with time zone,
    outgoing boolean NOT NULL,
    transaction integer NOT NULL,
    beek_name character varying(50),
    beek_registration character varying(50),
    beek_email character varying(50),
    beek_phone character varying(50),
    beek_address text,
    notes text,
    cost numeric(8,2),
    location character varying(200),
    size integer NOT NULL,
    colony_id integer
);


ALTER TABLE public.beedb_transfer OWNER TO postgres;

--
-- Name: beedb_transfer_id_seq; Type: SEQUENCE; Schema: public; Owner: postgres
--

ALTER TABLE public.beedb_transfer ALTER COLUMN id ADD GENERATED BY DEFAULT AS IDENTITY (
    SEQUENCE NAME public.beedb_transfer_id_seq
    START WITH 1
    INCREMENT BY 1
    NO MINVALUE
    NO MAXVALUE
    CACHE 1
);


--
-- Name: beedb_treatment; Type: TABLE; Schema: public; Owner: postgres
--

CREATE TABLE public.beedb_treatment (
    id integer NOT NULL,
    completed boolean NOT NULL,
    "insertDt" timestamp with time zone,
    "removeDt" timestamp with time zone,
    "trNotes" text,
    "preVarroa" integer NOT NULL,
    "postVarroa" integer NOT NULL,
    colony_id integer NOT NULL,
    inspection_id integer,
    "treatmentType_id" integer NOT NULL
);


ALTER TABLE public.beedb_treatment OWNER TO postgres;

--
-- Name: beedb_treatment_id_seq; Type: SEQUENCE; Schema: public; Owner: postgres
--

ALTER TABLE public.beedb_treatment ALTER COLUMN id ADD GENERATED BY DEFAULT AS IDENTITY (
    SEQUENCE NAME public.beedb_treatment_id_seq
    START WITH 1
    INCREMENT BY 1
    NO MINVALUE
    NO MAXVALUE
    CACHE 1
);


--
-- Name: beedb_treatmenttype; Type: TABLE; Schema: public; Owner: postgres
--

CREATE TABLE public.beedb_treatmenttype (
    id integer NOT NULL,
    name character varying(100) NOT NULL,
    manufacturer character varying(100) NOT NULL,
    organic boolean NOT NULL,
    "requireRemoval" boolean NOT NULL,
    "daysInHive" integer,
    url character varying(200),
    description text NOT NULL,
    instructions text NOT NULL
);


ALTER TABLE public.beedb_treatmenttype OWNER TO postgres;

--
-- Name: beedb_treatmenttype_id_seq; Type: SEQUENCE; Schema: public; Owner: postgres
--

ALTER TABLE public.beedb_treatmenttype ALTER COLUMN id ADD GENERATED BY DEFAULT AS IDENTITY (
    SEQUENCE NAME public.beedb_treatmenttype_id_seq
    START WITH 1
    INCREMENT BY 1
    NO MINVALUE
    NO MAXVALUE
    CACHE 1
);


--
-- Name: django_admin_log; Type: TABLE; Schema: public; Owner: postgres
--

CREATE TABLE public.django_admin_log (
    id integer NOT NULL,
    action_time timestamp with time zone NOT NULL,
    object_id text,
    object_repr character varying(200) NOT NULL,
    action_flag smallint NOT NULL,
    change_message text NOT NULL,
    content_type_id integer,
    user_id integer NOT NULL,
    CONSTRAINT django_admin_log_action_flag_check CHECK ((action_flag >= 0))
);


ALTER TABLE public.django_admin_log OWNER TO postgres;

--
-- Name: django_admin_log_id_seq; Type: SEQUENCE; Schema: public; Owner: postgres
--

ALTER TABLE public.django_admin_log ALTER COLUMN id ADD GENERATED BY DEFAULT AS IDENTITY (
    SEQUENCE NAME public.django_admin_log_id_seq
    START WITH 1
    INCREMENT BY 1
    NO MINVALUE
    NO MAXVALUE
    CACHE 1
);


--
-- Name: django_content_type; Type: TABLE; Schema: public; Owner: postgres
--

CREATE TABLE public.django_content_type (
    id integer NOT NULL,
    app_label character varying(100) NOT NULL,
    model character varying(100) NOT NULL
);


ALTER TABLE public.django_content_type OWNER TO postgres;

--
-- Name: django_content_type_id_seq; Type: SEQUENCE; Schema: public; Owner: postgres
--

ALTER TABLE public.django_content_type ALTER COLUMN id ADD GENERATED BY DEFAULT AS IDENTITY (
    SEQUENCE NAME public.django_content_type_id_seq
    START WITH 1
    INCREMENT BY 1
    NO MINVALUE
    NO MAXVALUE
    CACHE 1
);


--
-- Name: django_migrations; Type: TABLE; Schema: public; Owner: postgres
--

CREATE TABLE public.django_migrations (
    id integer NOT NULL,
    app character varying(255) NOT NULL,
    name character varying(255) NOT NULL,
    applied timestamp with time zone NOT NULL
);


ALTER TABLE public.django_migrations OWNER TO postgres;

--
-- Name: django_migrations_id_seq; Type: SEQUENCE; Schema: public; Owner: postgres
--

ALTER TABLE public.django_migrations ALTER COLUMN id ADD GENERATED BY DEFAULT AS IDENTITY (
    SEQUENCE NAME public.django_migrations_id_seq
    START WITH 1
    INCREMENT BY 1
    NO MINVALUE
    NO MAXVALUE
    CACHE 1
);


--
-- Name: django_session; Type: TABLE; Schema: public; Owner: postgres
--

CREATE TABLE public.django_session (
    session_key character varying(40) NOT NULL,
    session_data text NOT NULL,
    expire_date timestamp with time zone NOT NULL
);


ALTER TABLE public.django_session OWNER TO postgres;

--
-- Name: mailer_dontsendentry; Type: TABLE; Schema: public; Owner: postgres
--

CREATE TABLE public.mailer_dontsendentry (
    id bigint NOT NULL,
    to_address character varying(254) NOT NULL,
    when_added timestamp with time zone NOT NULL
);


ALTER TABLE public.mailer_dontsendentry OWNER TO postgres;

--
-- Name: mailer_dontsendentry_id_seq; Type: SEQUENCE; Schema: public; Owner: postgres
--

ALTER TABLE public.mailer_dontsendentry ALTER COLUMN id ADD GENERATED BY DEFAULT AS IDENTITY (
    SEQUENCE NAME public.mailer_dontsendentry_id_seq
    START WITH 1
    INCREMENT BY 1
    NO MINVALUE
    NO MAXVALUE
    CACHE 1
);


--
-- Name: mailer_message; Type: TABLE; Schema: public; Owner: postgres
--

CREATE TABLE public.mailer_message (
    id bigint NOT NULL,
    message_data text NOT NULL,
    when_added timestamp with time zone NOT NULL,
    priority smallint NOT NULL,
    retry_count integer NOT NULL,
    CONSTRAINT mailer_message_priority_4f7b1370_check CHECK ((priority >= 0))
);


ALTER TABLE public.mailer_message OWNER TO postgres;

--
-- Name: mailer_message_id_seq; Type: SEQUENCE; Schema: public; Owner: postgres
--

ALTER TABLE public.mailer_message ALTER COLUMN id ADD GENERATED BY DEFAULT AS IDENTITY (
    SEQUENCE NAME public.mailer_message_id_seq
    START WITH 1
    INCREMENT BY 1
    NO MINVALUE
    NO MAXVALUE
    CACHE 1
);


--
-- Name: mailer_messagelog; Type: TABLE; Schema: public; Owner: postgres
--

CREATE TABLE public.mailer_messagelog (
    id bigint NOT NULL,
    message_data text,
    when_added timestamp with time zone NOT NULL,
    priority smallint NOT NULL,
    when_attempted timestamp with time zone NOT NULL,
    result character varying(1) NOT NULL,
    log_message text NOT NULL,
    message_id text,
    CONSTRAINT mailer_messagelog_priority_5e712cf3_check CHECK ((priority >= 0))
);


ALTER TABLE public.mailer_messagelog OWNER TO postgres;

--
-- Name: mailer_messagelog_id_seq; Type: SEQUENCE; Schema: public; Owner: postgres
--

ALTER TABLE public.mailer_messagelog ALTER COLUMN id ADD GENERATED BY DEFAULT AS IDENTITY (
    SEQUENCE NAME public.mailer_messagelog_id_seq
    START WITH 1
    INCREMENT BY 1
    NO MINVALUE
    NO MAXVALUE
    CACHE 1
);


--
-- Data for Name: auth_group; Type: TABLE DATA; Schema: public; Owner: postgres
--

COPY public.auth_group (id, name) FROM stdin;
\.


--
-- Data for Name: auth_group_permissions; Type: TABLE DATA; Schema: public; Owner: postgres
--

COPY public.auth_group_permissions (id, group_id, permission_id) FROM stdin;
\.


--
-- Data for Name: auth_permission; Type: TABLE DATA; Schema: public; Owner: postgres
--

COPY public.auth_permission (id, name, content_type_id, codename) FROM stdin;
1	Can add log entry	1	add_logentry
2	Can change log entry	1	change_logentry
3	Can delete log entry	1	delete_logentry
4	Can view log entry	1	view_logentry
5	Can add permission	2	add_permission
6	Can change permission	2	change_permission
7	Can delete permission	2	delete_permission
8	Can view permission	2	view_permission
9	Can add group	3	add_group
10	Can change group	3	change_group
11	Can delete group	3	delete_group
12	Can view group	3	view_group
13	Can add user	4	add_user
14	Can change user	4	change_user
15	Can delete user	4	delete_user
16	Can view user	4	view_user
17	Can add content type	5	add_contenttype
18	Can change content type	5	change_contenttype
19	Can delete content type	5	delete_contenttype
20	Can view content type	5	view_contenttype
21	Can add session	6	add_session
22	Can change session	6	change_session
23	Can delete session	6	delete_session
24	Can view session	6	view_session
25	Can add apiary	7	add_apiary
26	Can change apiary	7	change_apiary
27	Can delete apiary	7	delete_apiary
28	Can view apiary	7	view_apiary
29	Can add colony	8	add_colony
30	Can change colony	8	change_colony
31	Can delete colony	8	delete_colony
32	Can view colony	8	view_colony
33	Can add config	9	add_config
34	Can change config	9	change_config
35	Can delete config	9	delete_config
36	Can view config	9	view_config
37	Can add inspection	10	add_inspection
38	Can change inspection	10	change_inspection
39	Can delete inspection	10	delete_inspection
40	Can view inspection	10	view_inspection
41	Can add diary	11	add_diary
42	Can change diary	11	change_diary
43	Can delete diary	11	delete_diary
44	Can view diary	11	view_diary
45	Can add size choice	12	add_sizechoice
46	Can change size choice	12	change_sizechoice
47	Can delete size choice	12	delete_sizechoice
48	Can view size choice	12	view_sizechoice
49	Can add treatment type	13	add_treatmenttype
50	Can change treatment type	13	change_treatmenttype
51	Can delete treatment type	13	delete_treatmenttype
52	Can view treatment type	13	view_treatmenttype
53	Can add treatment	14	add_treatment
54	Can change treatment	14	change_treatment
55	Can delete treatment	14	delete_treatment
56	Can view treatment	14	view_treatment
57	Can add transfer	15	add_transfer
58	Can change transfer	15	change_transfer
59	Can delete transfer	15	delete_transfer
60	Can view transfer	15	view_transfer
61	Can add profile	16	add_profile
62	Can change profile	16	change_profile
63	Can delete profile	16	delete_profile
64	Can view profile	16	view_profile
65	Can add picture	17	add_picture
66	Can change picture	17	change_picture
67	Can delete picture	17	delete_picture
68	Can view picture	17	view_picture
69	Can add message	18	add_message
70	Can change message	18	change_message
71	Can delete message	18	delete_message
72	Can view message	18	view_message
73	Can add feedback	19	add_feedback
74	Can change feedback	19	change_feedback
75	Can delete feedback	19	delete_feedback
76	Can view feedback	19	view_feedback
77	Can add audit	20	add_audit
78	Can change audit	20	change_audit
79	Can delete audit	20	delete_audit
80	Can view audit	20	view_audit
81	Can add Token	21	add_token
82	Can change Token	21	change_token
83	Can delete Token	21	delete_token
84	Can view Token	21	view_token
85	Can add Token	22	add_tokenproxy
86	Can change Token	22	change_tokenproxy
87	Can delete Token	22	delete_tokenproxy
88	Can view Token	22	view_tokenproxy
89	Can add don't send entry	23	add_dontsendentry
90	Can change don't send entry	23	change_dontsendentry
91	Can delete don't send entry	23	delete_dontsendentry
92	Can view don't send entry	23	view_dontsendentry
93	Can add message	24	add_message
94	Can change message	24	change_message
95	Can delete message	24	delete_message
96	Can view message	24	view_message
97	Can add message log	25	add_messagelog
98	Can change message log	25	change_messagelog
99	Can delete message log	25	delete_messagelog
100	Can view message log	25	view_messagelog
\.


--
-- Data for Name: auth_user; Type: TABLE DATA; Schema: public; Owner: postgres
--

COPY public.auth_user (id, password, last_login, is_superuser, username, first_name, last_name, email, is_staff, is_active, date_joined) FROM stdin;
2	pbkdf2_sha256$390000$j3oHyE80FAyb0ITabd0j6P$SyrBhfC9kfxbKhG/k+EzOgdCl2xlzeVW3S+zX9TAqLY=	\N	f	rod@west.net.nz			rod@west.net.nz	f	f	2025-02-11 04:44:13.391072+00
3	pbkdf2_sha256$390000$ffRePRytqJg1Dd9CRrZdkM$pLCSXnKBfoYi10QjWEo7oKmx9W9ATUzSsz4RKDr08ts=	2025-02-11 04:51:01+00	f	roderick@west.net.nz	Roderick	West	roderick@west.net.nz	f	t	2025-02-11 04:50:00+00
1	pbkdf2_sha256$870000$WZBdgCSgqtzNdlR6JpeWGz$n7aK6Mt783leE6bkzrbqdl8ZyGRGs9ylgZDht3GtEpQ=	2025-10-03 21:43:25.381003+00	t	jim	Jim	West	jim@west.kiwi	t	t	2025-02-11 04:35:28+00
\.


--
-- Data for Name: auth_user_groups; Type: TABLE DATA; Schema: public; Owner: postgres
--

COPY public.auth_user_groups (id, user_id, group_id) FROM stdin;
\.


--
-- Data for Name: auth_user_user_permissions; Type: TABLE DATA; Schema: public; Owner: postgres
--

COPY public.auth_user_user_permissions (id, user_id, permission_id) FROM stdin;
\.


--
-- Data for Name: authtoken_token; Type: TABLE DATA; Schema: public; Owner: postgres
--

COPY public.authtoken_token (key, created, user_id) FROM stdin;
\.


--
-- Data for Name: beedb_apiary; Type: TABLE DATA; Schema: public; Owner: postgres
--

COPY public.beedb_apiary (id, "apiaryID", descr, latitude, longitude, "ownerResident", "residentPhone", address, location, hazards, beek_id) FROM stdin;
1	Glenfield	sc	0.0000000	0.0000000	\N	\N	\N	\N	\N	1
2	Browns bay		0.0000000	0.0000000	\N	\N	\N	\N	\N	1
3	Waiake		0.0000000	0.0000000	\N	\N	\N	\N	\N	3
\.


--
-- Data for Name: beedb_audit; Type: TABLE DATA; Schema: public; Owner: postgres
--

COPY public.beedb_audit (id, dt, transaction_cd, detail, apiary_id, beek_id, colony_id, colony1_id, transfer_id) FROM stdin;
1	2025-02-11 04:40:49.143849+00	3	Swarm caught at ewd	1	1	1	\N	1
2	2025-02-11 04:41:02.414023+00	5	New colony entered 	1	1	2	\N	2
3	2025-02-11 04:41:21.331852+00	3	Swarm caught at sdc	2	1	3	\N	3
4	2025-02-11 04:42:04.875102+00	4	Colony purchased from xc	2	1	4	\N	4
5	2025-02-11 04:51:53.413358+00	3	Swarm caught at ewfdew	3	3	5	\N	5
6	2025-10-04 03:30:29.197525+00	3	Swarm caught at Back yard	2	1	6	\N	6
7	2025-10-04 03:30:48.348913+00	8	Colony Non-current colony appears to have absconded. Notes: It went!	\N	1	6	\N	\N
\.


--
-- Data for Name: beedb_colony; Type: TABLE DATA; Schema: public; Owner: postgres
--

COPY public.beedb_colony (id, "colonyID", descr, notes, status, status_dt, "lastAction", "queenRight", size, apiary_id) FROM stdin;
1	G1	!st colony	\N	C	2025-02-11 04:40:49.119088+00	2025-02-11 04:40:49.11911+00	t	3	1
2	G2	sdc	\N	C	2025-02-11 04:41:02.406469+00	2025-02-11 04:41:02.406486+00	t	3	1
3	B1	dsc	\N	C	2025-02-11 04:41:21.324435+00	2025-02-11 04:41:21.324451+00	t	3	2
4	B2	xc x	\N	C	2025-02-11 04:42:04.867886+00	2025-02-11 04:42:04.867901+00	t	3	2
5	W1		\N	C	2025-02-11 04:51:53.406425+00	2025-02-11 04:51:53.406442+00	t	3	3
6	Non-current colony		It went!	A	2025-10-04 03:30:48.345406+00	2025-10-04 03:30:48.345419+00	t	3	2
\.


--
-- Data for Name: beedb_config; Type: TABLE DATA; Schema: public; Owner: postgres
--

COPY public.beedb_config (id, key, "configDt", "configValue", "lastUpdate") FROM stdin;
1	lstDaily	2025-02-11 04:35:45.280331+00	8	2025-02-11 04:35:45.280339+00
2	lstWeekly	2025-02-11 04:35:45+00	16	2025-02-11 04:35:45+00
3	commsWeeklyDay	2025-10-01 18:43:36.49148+00	2	2025-02-11 04:35:45+00
\.


--
-- Data for Name: beedb_diary; Type: TABLE DATA; Schema: public; Owner: postgres
--

COPY public.beedb_diary (id, "createdDt", "startDt", "dueDt", "notifyDt", subject, details, completed, apiary_id, beek_id, colony_id) FROM stdin;
1	2025-02-20 06:53:42.530825+00	\N	2025-02-26 11:00:00+00	2025-09-29 07:15:37.12123+00	Reminder 1		f	\N	1	3
4	2025-02-22 02:12:17+00	\N	2025-09-22 12:00:00+00	2025-09-29 07:15:37.128377+00	test reminder due		f	2	1	4
2	2025-02-22 02:11:36+00	\N	2025-09-30 11:00:00+00	2025-09-30 11:00:04.435+00	test reminder - future		f	2	1	4
3	2025-02-22 02:11:59+00	\N	2025-02-01 11:00:00+00	2025-02-22 02:12:36+00	test reminder past		t	2	1	4
\.


--
-- Data for Name: beedb_feedback; Type: TABLE DATA; Schema: public; Owner: postgres
--

COPY public.beedb_feedback (id, subject, detail, "feedbackType", status, "devComment", "createdDt", "lstStatusDt", "lstCommentDt", beek_id) FROM stdin;
\.


--
-- Data for Name: beedb_inspection; Type: TABLE DATA; Schema: public; Owner: postgres
--

COPY public.beedb_inspection (id, dt, notes, numbers, eggs, varroa, weight, disease, temper, queen_seen, size, colony_id) FROM stdin;
1	2025-02-10 11:00:00+00		1	1	1	0	0	0	t	3	5
2	2025-02-19 11:00:00+00	Desct 1	1	2	0	1	0	1	t	3	3
\.


--
-- Data for Name: beedb_message; Type: TABLE DATA; Schema: public; Owner: postgres
--

COPY public.beedb_message (id, subject, body, html, processed, "createdDt", "processedDt", beek_id) FROM stdin;
66	Weekly summary from Bee-db	\N	<!doctype html>\n<html>\n\n<head>\n  <meta name="viewport" content="width=device-width" />\n  <meta http-equiv="Content-Type" content="text/html; charset=UTF-8" />\n\n  <title>\n    \nReminders\n\n  </title>\n  <style>\n    body {\n      font-family: Verdana, Geneva, Arial, sans-serif;\n    }\n\n    .descr {\n      font-style: italic;\n    }\n\n    .topic {\n      font-family: Monospace;\n      color: blue;\n    }\n\n    .payload {\n      color: #0b772f;\n    }\n\n    .bold {\n      font-weight: bold;\n    }\n\n    table.node-details {\n      border: 1px solid black;\n      border-collapse: collapse;\n    }\n\n    td.node-details {\n      border: 1px solid black;\n    }\n\n    .maillink {\n      background-color: #36f44f;\n      color: white;\n      padding: 14px 25px;\n      text-align: center;\n      text-decoration: none;\n      display: inline-block;\n      border-radius: 10px;\n      font-weight: bold;\n    }\n\n    .warning {\n      color: orange;\n    }\n\n    div.indent {\n      text-indent: 20px;\n    }\n\n    div.indent2 {\n      text-indent: 50px;\n    }\n\n    div.notice {\n      border: 2px solid black;\n      border-radius: 5px;\n      background-color: rgb(211, 211, 211);\n    }\n\n    /* -------------------------------------\n          HEADER, FOOTER, MAIN\n      ------------------------------------- */\n    .main {\n      background: #ffffff;\n      border-radius: 3px;\n      width: 100%;\n    }\n\n    .wrapper {\n      box-sizing: border-box;\n      padding: 20px;\n    }\n\n    .content-block {\n      padding-bottom: 10px;\n      padding-top: 10px;\n    }\n\n    .footer {\n      clear: both;\n      Margin-top: 10px;\n      text-align: center;\n      width: 100%;\n    }\n\n    .footer td,\n    .footer p,\n    .footer span,\n    .footer a {\n      color: #999999;\n      font-size: 12px;\n      text-align: center;\n    }\n\n    /* unsure why this is a good thing !   */\n    .apple-link a {\n      color: inherit !important;\n      font-family: inherit !important;\n      font-size: inherit !important;\n      font-weight: inherit !important;\n      line-height: inherit !important;\n      text-decoration: none !important;\n    }\n\n    table.footer {\n      border: 0;\n      cellpadding: 0;\n      cellspacing: 0;\n    }\n\n    .signature {\n      font-family: Verdana, Geneva, Arial, sans-serif;\n    }\n  </style>\n\n</head>\n\n<body>\n  \n  <p>Hi </p>\n\n<div id="apiaries" class="container-fluid">  \n\n  \n\n</div>\n\n<div class="notice">\n  This email is being sent to you as per your settings in the Bee database system. You can turn on and off these emails <a href="http://bee-restore.west.net.nz:8005/beedb/inspectPrefDetail/">here</a>,\n  and adjust your inspections timing preferences <a href="http://bee-restore.west.net.nz:8005/beedb/commsPrefDetail/">here</a>.\n</div>\n\n\n  <!-- START Signature -->\n  <div class="signature">\n    <p>Cheers</p>\n\n    \n      <p>Your bee and beehive management system</p>\n    \n  </div>\n  <!-- END Signature -->\n</body>\n\n</html>\n	t	2025-02-22 02:13:06.291756+00	2025-02-22 02:13:12.443846+00	1
67	Weekly summary from Bee-db	\N	<!doctype html>\n<html>\n\n<head>\n  <meta name="viewport" content="width=device-width" />\n  <meta http-equiv="Content-Type" content="text/html; charset=UTF-8" />\n\n  <title>\n    \nReminders\n\n  </title>\n  <style>\n    body {\n      font-family: Verdana, Geneva, Arial, sans-serif;\n    }\n\n    .descr {\n      font-style: italic;\n    }\n\n    .topic {\n      font-family: Monospace;\n      color: blue;\n    }\n\n    .payload {\n      color: #0b772f;\n    }\n\n    .bold {\n      font-weight: bold;\n    }\n\n    table.node-details {\n      border: 1px solid black;\n      border-collapse: collapse;\n    }\n\n    td.node-details {\n      border: 1px solid black;\n    }\n\n    .maillink {\n      background-color: #36f44f;\n      color: white;\n      padding: 14px 25px;\n      text-align: center;\n      text-decoration: none;\n      display: inline-block;\n      border-radius: 10px;\n      font-weight: bold;\n    }\n\n    .warning {\n      color: orange;\n    }\n\n    div.indent {\n      text-indent: 20px;\n    }\n\n    div.indent2 {\n      text-indent: 50px;\n    }\n\n    div.notice {\n      border: 2px solid black;\n      border-radius: 5px;\n      background-color: rgb(211, 211, 211);\n    }\n\n    /* -------------------------------------\n          HEADER, FOOTER, MAIN\n      ------------------------------------- */\n    .main {\n      background: #ffffff;\n      border-radius: 3px;\n      width: 100%;\n    }\n\n    .wrapper {\n      box-sizing: border-box;\n      padding: 20px;\n    }\n\n    .content-block {\n      padding-bottom: 10px;\n      padding-top: 10px;\n    }\n\n    .footer {\n      clear: both;\n      Margin-top: 10px;\n      text-align: center;\n      width: 100%;\n    }\n\n    .footer td,\n    .footer p,\n    .footer span,\n    .footer a {\n      color: #999999;\n      font-size: 12px;\n      text-align: center;\n    }\n\n    /* unsure why this is a good thing !   */\n    .apple-link a {\n      color: inherit !important;\n      font-family: inherit !important;\n      font-size: inherit !important;\n      font-weight: inherit !important;\n      line-height: inherit !important;\n      text-decoration: none !important;\n    }\n\n    table.footer {\n      border: 0;\n      cellpadding: 0;\n      cellspacing: 0;\n    }\n\n    .signature {\n      font-family: Verdana, Geneva, Arial, sans-serif;\n    }\n  </style>\n\n</head>\n\n<body>\n  \n  <p>Hi Jim</p>\n\n<div id="apiaries" class="container-fluid">  \n\n  \n\n</div>\n\n<div class="notice">\n  This email is being sent to you as per your settings in the Bee database system. You can turn on and off these emails <a href="http://bee-restore.west.net.nz:8005/beedb/inspectPrefDetail/">here</a>,\n  and adjust your inspections timing preferences <a href="http://bee-restore.west.net.nz:8005/beedb/commsPrefDetail/">here</a>.\n</div>\n\n\n  <!-- START Signature -->\n  <div class="signature">\n    <p>Cheers</p>\n\n    \n      <p>Your bee and beehive management system</p>\n    \n  </div>\n  <!-- END Signature -->\n</body>\n\n</html>\n	t	2025-02-22 02:30:30.09664+00	2025-02-22 02:30:35.768104+00	1
68	Weekly summary from Bee-db	\N	<!doctype html>\n<html>\n\n<head>\n  <meta name="viewport" content="width=device-width" />\n  <meta http-equiv="Content-Type" content="text/html; charset=UTF-8" />\n\n  <title>\n    \nReminders\n\n  </title>\n  <style>\n    body {\n      font-family: Verdana, Geneva, Arial, sans-serif;\n    }\n\n    .descr {\n      font-style: italic;\n    }\n\n    .topic {\n      font-family: Monospace;\n      color: blue;\n    }\n\n    .payload {\n      color: #0b772f;\n    }\n\n    .bold {\n      font-weight: bold;\n    }\n\n    table.node-details {\n      border: 1px solid black;\n      border-collapse: collapse;\n    }\n\n    td.node-details {\n      border: 1px solid black;\n    }\n\n    .maillink {\n      background-color: #36f44f;\n      color: white;\n      padding: 14px 25px;\n      text-align: center;\n      text-decoration: none;\n      display: inline-block;\n      border-radius: 10px;\n      font-weight: bold;\n    }\n\n    .warning {\n      color: orange;\n    }\n\n    div.indent {\n      text-indent: 20px;\n    }\n\n    div.indent2 {\n      text-indent: 50px;\n    }\n\n    div.notice {\n      border: 2px solid black;\n      border-radius: 5px;\n      background-color: rgb(211, 211, 211);\n    }\n\n    /* -------------------------------------\n          HEADER, FOOTER, MAIN\n      ------------------------------------- */\n    .main {\n      background: #ffffff;\n      border-radius: 3px;\n      width: 100%;\n    }\n\n    .wrapper {\n      box-sizing: border-box;\n      padding: 20px;\n    }\n\n    .content-block {\n      padding-bottom: 10px;\n      padding-top: 10px;\n    }\n\n    .footer {\n      clear: both;\n      Margin-top: 10px;\n      text-align: center;\n      width: 100%;\n    }\n\n    .footer td,\n    .footer p,\n    .footer span,\n    .footer a {\n      color: #999999;\n      font-size: 12px;\n      text-align: center;\n    }\n\n    /* unsure why this is a good thing !   */\n    .apple-link a {\n      color: inherit !important;\n      font-family: inherit !important;\n      font-size: inherit !important;\n      font-weight: inherit !important;\n      line-height: inherit !important;\n      text-decoration: none !important;\n    }\n\n    table.footer {\n      border: 0;\n      cellpadding: 0;\n      cellspacing: 0;\n    }\n\n    .signature {\n      font-family: Verdana, Geneva, Arial, sans-serif;\n    }\n  </style>\n\n</head>\n\n<body>\n  \n<p>Hi Jim</p>\n\n<div id="apiaries" class="container-fluid">\n  <div class="indent bold">\n    Reminders\n  </div>\n  \n</div>\n\n<div class="notice">\n  This email is being sent to you as per your settings in the Bee database system. You can turn on and off these emails\n  <a href="http://bee-restore.west.net.nz:8005/beedb/inspectPrefDetail/">here</a>,\n  and adjust your inspections timing preferences <a href="http://bee-restore.west.net.nz:8005/beedb/commsPrefDetail/">here</a>.\n</div>\n\n\n  <!-- START Signature -->\n  <div class="signature">\n    <p>Cheers</p>\n\n    \n      <p>Your bee and beehive management system</p>\n    \n  </div>\n  <!-- END Signature -->\n</body>\n\n</html>\n	t	2025-02-22 03:03:44.32003+00	2025-02-22 03:03:49.953328+00	1
69	Weekly summary from Bee-db	\N	<!doctype html>\n<html>\n\n<head>\n  <meta name="viewport" content="width=device-width" />\n  <meta http-equiv="Content-Type" content="text/html; charset=UTF-8" />\n\n  <title>\n    \nReminders\n\n  </title>\n  <style>\n    body {\n      font-family: Verdana, Geneva, Arial, sans-serif;\n    }\n\n    .descr {\n      font-style: italic;\n    }\n\n    .topic {\n      font-family: Monospace;\n      color: blue;\n    }\n\n    .payload {\n      color: #0b772f;\n    }\n\n    .bold {\n      font-weight: bold;\n    }\n\n    table.node-details {\n      border: 1px solid black;\n      border-collapse: collapse;\n    }\n\n    td.node-details {\n      border: 1px solid black;\n    }\n\n    .maillink {\n      background-color: #36f44f;\n      color: white;\n      padding: 14px 25px;\n      text-align: center;\n      text-decoration: none;\n      display: inline-block;\n      border-radius: 10px;\n      font-weight: bold;\n    }\n\n    .warning {\n      color: orange;\n    }\n\n    div.indent {\n      text-indent: 20px;\n    }\n\n    div.indent2 {\n      text-indent: 50px;\n    }\n\n    div.notice {\n      border: 2px solid black;\n      border-radius: 5px;\n      background-color: rgb(211, 211, 211);\n    }\n\n    /* -------------------------------------\n          HEADER, FOOTER, MAIN\n      ------------------------------------- */\n    .main {\n      background: #ffffff;\n      border-radius: 3px;\n      width: 100%;\n    }\n\n    .wrapper {\n      box-sizing: border-box;\n      padding: 20px;\n    }\n\n    .content-block {\n      padding-bottom: 10px;\n      padding-top: 10px;\n    }\n\n    .footer {\n      clear: both;\n      Margin-top: 10px;\n      text-align: center;\n      width: 100%;\n    }\n\n    .footer td,\n    .footer p,\n    .footer span,\n    .footer a {\n      color: #999999;\n      font-size: 12px;\n      text-align: center;\n    }\n\n    /* unsure why this is a good thing !   */\n    .apple-link a {\n      color: inherit !important;\n      font-family: inherit !important;\n      font-size: inherit !important;\n      font-weight: inherit !important;\n      line-height: inherit !important;\n      text-decoration: none !important;\n    }\n\n    table.footer {\n      border: 0;\n      cellpadding: 0;\n      cellspacing: 0;\n    }\n\n    .signature {\n      font-family: Verdana, Geneva, Arial, sans-serif;\n    }\n  </style>\n\n</head>\n\n<body>\n  \n<p>Hi Jim</p>\n\n<div id="apiaries" class="container-fluid">\n  <div class="indent bold">\n    Reminders\n  </div>\n  \n</div>\n\n<div class="notice">\n  This email is being sent to you as per your settings in the Bee database system. You can turn on and off these emails\n  <a href="http://bee-restore.west.net.nz:8005/beedb/inspectPrefDetail/">here</a>,\n  and adjust your inspections timing preferences <a href="http://bee-restore.west.net.nz:8005/beedb/commsPrefDetail/">here</a>.\n</div>\n\n\n  <!-- START Signature -->\n  <div class="signature">\n    <p>Cheers</p>\n\n    \n      <p>Your bee and beehive management system</p>\n    \n  </div>\n  <!-- END Signature -->\n</body>\n\n</html>\n	t	2025-02-22 03:08:19.616068+00	2025-02-22 03:08:24.925427+00	1
70	Weekly summary from Bee-db	\N	<!doctype html>\n<html>\n\n<head>\n  <meta name="viewport" content="width=device-width" />\n  <meta http-equiv="Content-Type" content="text/html; charset=UTF-8" />\n\n  <title>\n    \nReminders\n\n  </title>\n  <style>\n    body {\n      font-family: Verdana, Geneva, Arial, sans-serif;\n    }\n\n    .descr {\n      font-style: italic;\n    }\n\n    .topic {\n      font-family: Monospace;\n      color: blue;\n    }\n\n    .payload {\n      color: #0b772f;\n    }\n\n    .bold {\n      font-weight: bold;\n    }\n\n    table.node-details {\n      border: 1px solid black;\n      border-collapse: collapse;\n    }\n\n    td.node-details {\n      border: 1px solid black;\n    }\n\n    .maillink {\n      background-color: #36f44f;\n      color: white;\n      padding: 14px 25px;\n      text-align: center;\n      text-decoration: none;\n      display: inline-block;\n      border-radius: 10px;\n      font-weight: bold;\n    }\n\n    .warning {\n      color: orange;\n    }\n\n    div.indent {\n      text-indent: 20px;\n    }\n\n    div.indent2 {\n      text-indent: 50px;\n    }\n\n    div.notice {\n      border: 2px solid black;\n      border-radius: 5px;\n      background-color: rgb(211, 211, 211);\n    }\n\n    /* -------------------------------------\n          HEADER, FOOTER, MAIN\n      ------------------------------------- */\n    .main {\n      background: #ffffff;\n      border-radius: 3px;\n      width: 100%;\n    }\n\n    .wrapper {\n      box-sizing: border-box;\n      padding: 20px;\n    }\n\n    .content-block {\n      padding-bottom: 10px;\n      padding-top: 10px;\n    }\n\n    .footer {\n      clear: both;\n      Margin-top: 10px;\n      text-align: center;\n      width: 100%;\n    }\n\n    .footer td,\n    .footer p,\n    .footer span,\n    .footer a {\n      color: #999999;\n      font-size: 12px;\n      text-align: center;\n    }\n\n    /* unsure why this is a good thing !   */\n    .apple-link a {\n      color: inherit !important;\n      font-family: inherit !important;\n      font-size: inherit !important;\n      font-weight: inherit !important;\n      line-height: inherit !important;\n      text-decoration: none !important;\n    }\n\n    table.footer {\n      border: 0;\n      cellpadding: 0;\n      cellspacing: 0;\n    }\n\n    .signature {\n      font-family: Verdana, Geneva, Arial, sans-serif;\n    }\n  </style>\n\n</head>\n\n<body>\n  \n<p>Hi Jim</p>\n\n<div id="apiaries" class="container-fluid">\n  <div class="indent bold">\n    Reminders\n  </div>\n  \n    <div class="indent2">\n      <a href="http://bee-restore.west.net.nz:8005/beedb/diary/"></a> - Due by: {{ newR.dueDt|date:"D d\n      M Y" }}\n    </div>\n    \n</div>\n\n<div class="notice">\n  This email is being sent to you as per your settings in the Bee database system. You can turn on and off these emails\n  <a href="http://bee-restore.west.net.nz:8005/beedb/inspectPrefDetail/">here</a>,\n  and adjust your inspections timing preferences <a href="http://bee-restore.west.net.nz:8005/beedb/commsPrefDetail/">here</a>.\n</div>\n\n\n  <!-- START Signature -->\n  <div class="signature">\n    <p>Cheers</p>\n\n    \n      <p>Your bee and beehive management system</p>\n    \n  </div>\n  <!-- END Signature -->\n</body>\n\n</html>\n	t	2025-02-22 03:09:18.591749+00	2025-02-22 03:09:23.862243+00	1
71	Weekly summary from Bee-db	\N	<!doctype html>\n<html>\n\n<head>\n  <meta name="viewport" content="width=device-width" />\n  <meta http-equiv="Content-Type" content="text/html; charset=UTF-8" />\n\n  <title>\n    \nReminders\n\n  </title>\n  <style>\n    body {\n      font-family: Verdana, Geneva, Arial, sans-serif;\n    }\n\n    .descr {\n      font-style: italic;\n    }\n\n    .topic {\n      font-family: Monospace;\n      color: blue;\n    }\n\n    .payload {\n      color: #0b772f;\n    }\n\n    .bold {\n      font-weight: bold;\n    }\n\n    table.node-details {\n      border: 1px solid black;\n      border-collapse: collapse;\n    }\n\n    td.node-details {\n      border: 1px solid black;\n    }\n\n    .maillink {\n      background-color: #36f44f;\n      color: white;\n      padding: 14px 25px;\n      text-align: center;\n      text-decoration: none;\n      display: inline-block;\n      border-radius: 10px;\n      font-weight: bold;\n    }\n\n    .warning {\n      color: orange;\n    }\n\n    div.indent {\n      text-indent: 20px;\n    }\n\n    div.indent2 {\n      text-indent: 50px;\n    }\n\n    div.notice {\n      border: 2px solid black;\n      border-radius: 5px;\n      background-color: rgb(211, 211, 211);\n    }\n\n    /* -------------------------------------\n          HEADER, FOOTER, MAIN\n      ------------------------------------- */\n    .main {\n      background: #ffffff;\n      border-radius: 3px;\n      width: 100%;\n    }\n\n    .wrapper {\n      box-sizing: border-box;\n      padding: 20px;\n    }\n\n    .content-block {\n      padding-bottom: 10px;\n      padding-top: 10px;\n    }\n\n    .footer {\n      clear: both;\n      Margin-top: 10px;\n      text-align: center;\n      width: 100%;\n    }\n\n    .footer td,\n    .footer p,\n    .footer span,\n    .footer a {\n      color: #999999;\n      font-size: 12px;\n      text-align: center;\n    }\n\n    /* unsure why this is a good thing !   */\n    .apple-link a {\n      color: inherit !important;\n      font-family: inherit !important;\n      font-size: inherit !important;\n      font-weight: inherit !important;\n      line-height: inherit !important;\n      text-decoration: none !important;\n    }\n\n    table.footer {\n      border: 0;\n      cellpadding: 0;\n      cellspacing: 0;\n    }\n\n    .signature {\n      font-family: Verdana, Geneva, Arial, sans-serif;\n    }\n  </style>\n\n</head>\n\n<body>\n  \n<p>Hi Jim</p>\n\n<div id="apiaries" class="container-fluid">\n  <div class="indent bold">\n    Reminders\n  </div>\n  \n    <div class="indent2">\n      <a href="http://bee-restore.west.net.nz:8005/beedb/diary/"></a> - Due by: \n    </div>\n    \n</div>\n\n<div class="notice">\n  This email is being sent to you as per your settings in the Bee database system. You can turn on and off these emails\n  <a href="http://bee-restore.west.net.nz:8005/beedb/inspectPrefDetail/">here</a>,\n  and adjust your inspections timing preferences <a href="http://bee-restore.west.net.nz:8005/beedb/commsPrefDetail/">here</a>.\n</div>\n\n\n  <!-- START Signature -->\n  <div class="signature">\n    <p>Cheers</p>\n\n    \n      <p>Your bee and beehive management system</p>\n    \n  </div>\n  <!-- END Signature -->\n</body>\n\n</html>\n	t	2025-02-22 03:12:15.747796+00	2025-02-22 03:12:21.168401+00	1
72	Weekly summary from Bee-db	\N	<!doctype html>\n<html>\n\n<head>\n  <meta name="viewport" content="width=device-width" />\n  <meta http-equiv="Content-Type" content="text/html; charset=UTF-8" />\n\n  <title>\n    \nReminders\n\n  </title>\n  <style>\n    body {\n      font-family: Verdana, Geneva, Arial, sans-serif;\n    }\n\n    .descr {\n      font-style: italic;\n    }\n\n    .topic {\n      font-family: Monospace;\n      color: blue;\n    }\n\n    .payload {\n      color: #0b772f;\n    }\n\n    .bold {\n      font-weight: bold;\n    }\n\n    table.node-details {\n      border: 1px solid black;\n      border-collapse: collapse;\n    }\n\n    td.node-details {\n      border: 1px solid black;\n    }\n\n    .maillink {\n      background-color: #36f44f;\n      color: white;\n      padding: 14px 25px;\n      text-align: center;\n      text-decoration: none;\n      display: inline-block;\n      border-radius: 10px;\n      font-weight: bold;\n    }\n\n    .warning {\n      color: orange;\n    }\n\n    div.indent {\n      text-indent: 20px;\n    }\n\n    div.indent2 {\n      text-indent: 50px;\n    }\n\n    div.notice {\n      border: 2px solid black;\n      border-radius: 5px;\n      background-color: rgb(211, 211, 211);\n    }\n\n    /* -------------------------------------\n          HEADER, FOOTER, MAIN\n      ------------------------------------- */\n    .main {\n      background: #ffffff;\n      border-radius: 3px;\n      width: 100%;\n    }\n\n    .wrapper {\n      box-sizing: border-box;\n      padding: 20px;\n    }\n\n    .content-block {\n      padding-bottom: 10px;\n      padding-top: 10px;\n    }\n\n    .footer {\n      clear: both;\n      Margin-top: 10px;\n      text-align: center;\n      width: 100%;\n    }\n\n    .footer td,\n    .footer p,\n    .footer span,\n    .footer a {\n      color: #999999;\n      font-size: 12px;\n      text-align: center;\n    }\n\n    /* unsure why this is a good thing !   */\n    .apple-link a {\n      color: inherit !important;\n      font-family: inherit !important;\n      font-size: inherit !important;\n      font-weight: inherit !important;\n      line-height: inherit !important;\n      text-decoration: none !important;\n    }\n\n    table.footer {\n      border: 0;\n      cellpadding: 0;\n      cellspacing: 0;\n    }\n\n    .signature {\n      font-family: Verdana, Geneva, Arial, sans-serif;\n    }\n  </style>\n\n</head>\n\n<body>\n  \n<p>Hi Jim</p>\n\n<div id="apiaries" class="container-fluid">\n  <div class="indent bold">\n    Reminders\n  </div>\n  \n    <div class="indent2">\n      <a href="http://bee-restore.west.net.nz:8005/beedb/diary/"></a> - Due by: \n    </div>\n    \n</div>\n\n<div class="notice">\n  This email is being sent to you as per your settings in the Bee database system. You can turn on and off these emails\n  <a href="http://bee-restore.west.net.nz:8005/beedb/inspectPrefDetail/">here</a>,\n  and adjust your inspections timing preferences <a href="http://bee-restore.west.net.nz:8005/beedb/commsPrefDetail/">here</a>.\n</div>\n\n\n  <!-- START Signature -->\n  <div class="signature">\n    <p>Cheers</p>\n\n    \n      <p>Your bee and beehive management system</p>\n    \n  </div>\n  <!-- END Signature -->\n</body>\n\n</html>\n	t	2025-02-22 03:12:50.513037+00	2025-02-22 03:12:56.669203+00	1
73	Weekly summary from Bee-db	\N	<!doctype html>\n<html>\n\n<head>\n  <meta name="viewport" content="width=device-width" />\n  <meta http-equiv="Content-Type" content="text/html; charset=UTF-8" />\n\n  <title>\n    \nReminders\n\n  </title>\n  <style>\n    body {\n      font-family: Verdana, Geneva, Arial, sans-serif;\n    }\n\n    .descr {\n      font-style: italic;\n    }\n\n    .topic {\n      font-family: Monospace;\n      color: blue;\n    }\n\n    .payload {\n      color: #0b772f;\n    }\n\n    .bold {\n      font-weight: bold;\n    }\n\n    table.node-details {\n      border: 1px solid black;\n      border-collapse: collapse;\n    }\n\n    td.node-details {\n      border: 1px solid black;\n    }\n\n    .maillink {\n      background-color: #36f44f;\n      color: white;\n      padding: 14px 25px;\n      text-align: center;\n      text-decoration: none;\n      display: inline-block;\n      border-radius: 10px;\n      font-weight: bold;\n    }\n\n    .warning {\n      color: orange;\n    }\n\n    div.indent {\n      text-indent: 20px;\n    }\n\n    div.indent2 {\n      text-indent: 50px;\n    }\n\n    div.notice {\n      border: 2px solid black;\n      border-radius: 5px;\n      background-color: rgb(211, 211, 211);\n    }\n\n    /* -------------------------------------\n          HEADER, FOOTER, MAIN\n      ------------------------------------- */\n    .main {\n      background: #ffffff;\n      border-radius: 3px;\n      width: 100%;\n    }\n\n    .wrapper {\n      box-sizing: border-box;\n      padding: 20px;\n    }\n\n    .content-block {\n      padding-bottom: 10px;\n      padding-top: 10px;\n    }\n\n    .footer {\n      clear: both;\n      Margin-top: 10px;\n      text-align: center;\n      width: 100%;\n    }\n\n    .footer td,\n    .footer p,\n    .footer span,\n    .footer a {\n      color: #999999;\n      font-size: 12px;\n      text-align: center;\n    }\n\n    /* unsure why this is a good thing !   */\n    .apple-link a {\n      color: inherit !important;\n      font-family: inherit !important;\n      font-size: inherit !important;\n      font-weight: inherit !important;\n      line-height: inherit !important;\n      text-decoration: none !important;\n    }\n\n    table.footer {\n      border: 0;\n      cellpadding: 0;\n      cellspacing: 0;\n    }\n\n    .signature {\n      font-family: Verdana, Geneva, Arial, sans-serif;\n    }\n  </style>\n\n</head>\n\n<body>\n  \n<p>Hi Jim</p>\n\n<div id="apiaries" class="container-fluid">\n  <div class="indent bold">\n    Reminders\n  </div>\n  \n    <div class="indent2">\n      <a href="http://bee-restore.west.net.nz:8005/beedb/diary/"></a> - Due by: \n      new\n    </div>\n    \n</div>\n\n<div class="notice">\n  This email is being sent to you as per your settings in the Bee database system. You can turn on and off these emails\n  <a href="http://bee-restore.west.net.nz:8005/beedb/inspectPrefDetail/">here</a>,\n  and adjust your inspections timing preferences <a href="http://bee-restore.west.net.nz:8005/beedb/commsPrefDetail/">here</a>.\n</div>\n\n\n  <!-- START Signature -->\n  <div class="signature">\n    <p>Cheers</p>\n\n    \n      <p>Your bee and beehive management system</p>\n    \n  </div>\n  <!-- END Signature -->\n</body>\n\n</html>\n	t	2025-02-22 03:13:53.165712+00	2025-02-22 03:13:58.649901+00	1
74	Weekly summary from Bee-db	\N	<!doctype html>\n<html>\n\n<head>\n  <meta name="viewport" content="width=device-width" />\n  <meta http-equiv="Content-Type" content="text/html; charset=UTF-8" />\n\n  <title>\n    \nReminders\n\n  </title>\n  <style>\n    body {\n      font-family: Verdana, Geneva, Arial, sans-serif;\n    }\n\n    .descr {\n      font-style: italic;\n    }\n\n    .topic {\n      font-family: Monospace;\n      color: blue;\n    }\n\n    .payload {\n      color: #0b772f;\n    }\n\n    .bold {\n      font-weight: bold;\n    }\n\n    table.node-details {\n      border: 1px solid black;\n      border-collapse: collapse;\n    }\n\n    td.node-details {\n      border: 1px solid black;\n    }\n\n    .maillink {\n      background-color: #36f44f;\n      color: white;\n      padding: 14px 25px;\n      text-align: center;\n      text-decoration: none;\n      display: inline-block;\n      border-radius: 10px;\n      font-weight: bold;\n    }\n\n    .warning {\n      color: orange;\n    }\n\n    div.indent {\n      text-indent: 20px;\n    }\n\n    div.indent2 {\n      text-indent: 50px;\n    }\n\n    div.notice {\n      border: 2px solid black;\n      border-radius: 5px;\n      background-color: rgb(211, 211, 211);\n    }\n\n    /* -------------------------------------\n          HEADER, FOOTER, MAIN\n      ------------------------------------- */\n    .main {\n      background: #ffffff;\n      border-radius: 3px;\n      width: 100%;\n    }\n\n    .wrapper {\n      box-sizing: border-box;\n      padding: 20px;\n    }\n\n    .content-block {\n      padding-bottom: 10px;\n      padding-top: 10px;\n    }\n\n    .footer {\n      clear: both;\n      Margin-top: 10px;\n      text-align: center;\n      width: 100%;\n    }\n\n    .footer td,\n    .footer p,\n    .footer span,\n    .footer a {\n      color: #999999;\n      font-size: 12px;\n      text-align: center;\n    }\n\n    /* unsure why this is a good thing !   */\n    .apple-link a {\n      color: inherit !important;\n      font-family: inherit !important;\n      font-size: inherit !important;\n      font-weight: inherit !important;\n      line-height: inherit !important;\n      text-decoration: none !important;\n    }\n\n    table.footer {\n      border: 0;\n      cellpadding: 0;\n      cellspacing: 0;\n    }\n\n    .signature {\n      font-family: Verdana, Geneva, Arial, sans-serif;\n    }\n  </style>\n\n</head>\n\n<body>\n  \n<p>Hi Jim</p>\n\n<div id="apiaries" class="container-fluid">\n  <div class="indent bold">\n    Reminders\n  </div>\n  \n    <div class="indent2">\n      <a href="http://bee-restore.west.net.nz:8005/beedb/diary/"></a> - Due by: \n      &lt;QuerySet [&lt;Diary: Beek: jim, Subject: test reminder due&gt;]&gt;\n    </div>\n    \n</div>\n\n<div class="notice">\n  This email is being sent to you as per your settings in the Bee database system. You can turn on and off these emails\n  <a href="http://bee-restore.west.net.nz:8005/beedb/inspectPrefDetail/">here</a>,\n  and adjust your inspections timing preferences <a href="http://bee-restore.west.net.nz:8005/beedb/commsPrefDetail/">here</a>.\n</div>\n\n\n  <!-- START Signature -->\n  <div class="signature">\n    <p>Cheers</p>\n\n    \n      <p>Your bee and beehive management system</p>\n    \n  </div>\n  <!-- END Signature -->\n</body>\n\n</html>\n	t	2025-02-22 03:14:33.388364+00	2025-02-22 03:14:38.70899+00	1
75	Weekly summary from Bee-db	\N	<!doctype html>\n<html>\n\n<head>\n  <meta name="viewport" content="width=device-width" />\n  <meta http-equiv="Content-Type" content="text/html; charset=UTF-8" />\n\n  <title>\n    \nReminders\n\n  </title>\n  <style>\n    body {\n      font-family: Verdana, Geneva, Arial, sans-serif;\n    }\n\n    .descr {\n      font-style: italic;\n    }\n\n    .topic {\n      font-family: Monospace;\n      color: blue;\n    }\n\n    .payload {\n      color: #0b772f;\n    }\n\n    .bold {\n      font-weight: bold;\n    }\n\n    table.node-details {\n      border: 1px solid black;\n      border-collapse: collapse;\n    }\n\n    td.node-details {\n      border: 1px solid black;\n    }\n\n    .maillink {\n      background-color: #36f44f;\n      color: white;\n      padding: 14px 25px;\n      text-align: center;\n      text-decoration: none;\n      display: inline-block;\n      border-radius: 10px;\n      font-weight: bold;\n    }\n\n    .warning {\n      color: orange;\n    }\n\n    div.indent {\n      text-indent: 20px;\n    }\n\n    div.indent2 {\n      text-indent: 50px;\n    }\n\n    div.notice {\n      border: 2px solid black;\n      border-radius: 5px;\n      background-color: rgb(211, 211, 211);\n    }\n\n    /* -------------------------------------\n          HEADER, FOOTER, MAIN\n      ------------------------------------- */\n    .main {\n      background: #ffffff;\n      border-radius: 3px;\n      width: 100%;\n    }\n\n    .wrapper {\n      box-sizing: border-box;\n      padding: 20px;\n    }\n\n    .content-block {\n      padding-bottom: 10px;\n      padding-top: 10px;\n    }\n\n    .footer {\n      clear: both;\n      Margin-top: 10px;\n      text-align: center;\n      width: 100%;\n    }\n\n    .footer td,\n    .footer p,\n    .footer span,\n    .footer a {\n      color: #999999;\n      font-size: 12px;\n      text-align: center;\n    }\n\n    /* unsure why this is a good thing !   */\n    .apple-link a {\n      color: inherit !important;\n      font-family: inherit !important;\n      font-size: inherit !important;\n      font-weight: inherit !important;\n      line-height: inherit !important;\n      text-decoration: none !important;\n    }\n\n    table.footer {\n      border: 0;\n      cellpadding: 0;\n      cellspacing: 0;\n    }\n\n    .signature {\n      font-family: Verdana, Geneva, Arial, sans-serif;\n    }\n  </style>\n\n</head>\n\n<body>\n  \n<p>Hi Jim</p>\n\n<div id="apiaries" class="container-fluid">\n  <div class="indent bold">\n    Reminders\n  </div>\n  \n    <div class="indent2">\n      <a href="http://bee-restore.west.net.nz:8005/beedb/diary/4">test reminder due</a> - Due by: Fri 21 Feb 2025\n      Beek: jim, Subject: test reminder due\n    </div>\n    \n</div>\n\n<div class="notice">\n  This email is being sent to you as per your settings in the Bee database system. You can turn on and off these emails\n  <a href="http://bee-restore.west.net.nz:8005/beedb/inspectPrefDetail/">here</a>,\n  and adjust your inspections timing preferences <a href="http://bee-restore.west.net.nz:8005/beedb/commsPrefDetail/">here</a>.\n</div>\n\n\n  <!-- START Signature -->\n  <div class="signature">\n    <p>Cheers</p>\n\n    \n      <p>Your bee and beehive management system</p>\n    \n  </div>\n  <!-- END Signature -->\n</body>\n\n</html>\n	t	2025-02-22 03:21:50.539164+00	2025-02-22 03:21:55.925477+00	1
76	Weekly summary from Bee-db	\N	<!doctype html>\n<html>\n\n<head>\n  <meta name="viewport" content="width=device-width" />\n  <meta http-equiv="Content-Type" content="text/html; charset=UTF-8" />\n\n  <title>\n    \nReminders\n\n  </title>\n  <style>\n    body {\n      font-family: Verdana, Geneva, Arial, sans-serif;\n    }\n\n    .descr {\n      font-style: italic;\n    }\n\n    .topic {\n      font-family: Monospace;\n      color: blue;\n    }\n\n    .payload {\n      color: #0b772f;\n    }\n\n    .bold {\n      font-weight: bold;\n    }\n\n    table.node-details {\n      border: 1px solid black;\n      border-collapse: collapse;\n    }\n\n    td.node-details {\n      border: 1px solid black;\n    }\n\n    .maillink {\n      background-color: #36f44f;\n      color: white;\n      padding: 14px 25px;\n      text-align: center;\n      text-decoration: none;\n      display: inline-block;\n      border-radius: 10px;\n      font-weight: bold;\n    }\n\n    .warning {\n      color: orange;\n    }\n\n    div.indent {\n      text-indent: 20px;\n    }\n\n    div.indent2 {\n      text-indent: 50px;\n    }\n\n    div.notice {\n      border: 2px solid black;\n      border-radius: 5px;\n      background-color: rgb(211, 211, 211);\n    }\n\n    /* -------------------------------------\n          HEADER, FOOTER, MAIN\n      ------------------------------------- */\n    .main {\n      background: #ffffff;\n      border-radius: 3px;\n      width: 100%;\n    }\n\n    .wrapper {\n      box-sizing: border-box;\n      padding: 20px;\n    }\n\n    .content-block {\n      padding-bottom: 10px;\n      padding-top: 10px;\n    }\n\n    .footer {\n      clear: both;\n      Margin-top: 10px;\n      text-align: center;\n      width: 100%;\n    }\n\n    .footer td,\n    .footer p,\n    .footer span,\n    .footer a {\n      color: #999999;\n      font-size: 12px;\n      text-align: center;\n    }\n\n    /* unsure why this is a good thing !   */\n    .apple-link a {\n      color: inherit !important;\n      font-family: inherit !important;\n      font-size: inherit !important;\n      font-weight: inherit !important;\n      line-height: inherit !important;\n      text-decoration: none !important;\n    }\n\n    table.footer {\n      border: 0;\n      cellpadding: 0;\n      cellspacing: 0;\n    }\n\n    .signature {\n      font-family: Verdana, Geneva, Arial, sans-serif;\n    }\n  </style>\n\n</head>\n\n<body>\n  \n<p>Hi Jim</p>\n\n<div id="apiaries" class="container-fluid">\n  <div class="indent bold">\n    Reminders\n  </div>\n  \n    <div class="indent2">\n      <a href="http://bee-restore.west.net.nz:8005/beedb/diary/1">Reminder 1</a> - Due by: Thu 27 Feb 2025\n      Beek: jim, Subject: Reminder 1\n    </div>\n    \n    <div class="indent2">\n      <a href="http://bee-restore.west.net.nz:8005/beedb/diary/4">test reminder due</a> - Due by: Tue 23 Sep 2025\n      Beek: jim, Subject: test reminder due\n    </div>\n    \n</div>\n<br>\n<div class="notice">\n  This email is being sent to you as per your settings in the Bee database system. You can turn on and off these emails\n  <a href="http://bee-restore.west.net.nz:8005/beedb/inspectPrefDetail/">here</a>,\n  and adjust your inspections timing preferences <a href="http://bee-restore.west.net.nz:8005/beedb/commsPrefDetail/">here</a>.\n</div>\n\n\n  <!-- START Signature -->\n  <div class="signature">\n    <p>Cheers</p>\n\n    \n      <p>Your bee and beehive management system</p>\n    \n  </div>\n  <!-- END Signature -->\n</body>\n\n</html>\n	t	2025-09-24 06:07:13.898922+00	2025-09-24 06:07:20.398115+00	1
77	Weekly summary from Bee-db	\N	<!doctype html>\n<html>\n\n<head>\n  <meta name="viewport" content="width=device-width" />\n  <meta http-equiv="Content-Type" content="text/html; charset=UTF-8" />\n\n  <title>\n    \nReminders\n\n  </title>\n  <style>\n    body {\n      font-family: Verdana, Geneva, Arial, sans-serif;\n    }\n\n    .descr {\n      font-style: italic;\n    }\n\n    .topic {\n      font-family: Monospace;\n      color: blue;\n    }\n\n    .payload {\n      color: #0b772f;\n    }\n\n    .bold {\n      font-weight: bold;\n    }\n\n    table.node-details {\n      border: 1px solid black;\n      border-collapse: collapse;\n    }\n\n    td.node-details {\n      border: 1px solid black;\n    }\n\n    .maillink {\n      background-color: #36f44f;\n      color: white;\n      padding: 14px 25px;\n      text-align: center;\n      text-decoration: none;\n      display: inline-block;\n      border-radius: 10px;\n      font-weight: bold;\n    }\n\n    .warning {\n      color: orange;\n    }\n\n    div.indent {\n      text-indent: 20px;\n    }\n\n    div.indent2 {\n      text-indent: 50px;\n    }\n\n    div.notice {\n      border: 2px solid black;\n      border-radius: 5px;\n      background-color: rgb(211, 211, 211);\n    }\n\n    /* -------------------------------------\n          HEADER, FOOTER, MAIN\n      ------------------------------------- */\n    .main {\n      background: #ffffff;\n      border-radius: 3px;\n      width: 100%;\n    }\n\n    .wrapper {\n      box-sizing: border-box;\n      padding: 20px;\n    }\n\n    .content-block {\n      padding-bottom: 10px;\n      padding-top: 10px;\n    }\n\n    .footer {\n      clear: both;\n      Margin-top: 10px;\n      text-align: center;\n      width: 100%;\n    }\n\n    .footer td,\n    .footer p,\n    .footer span,\n    .footer a {\n      color: #999999;\n      font-size: 12px;\n      text-align: center;\n    }\n\n    /* unsure why this is a good thing !   */\n    .apple-link a {\n      color: inherit !important;\n      font-family: inherit !important;\n      font-size: inherit !important;\n      font-weight: inherit !important;\n      line-height: inherit !important;\n      text-decoration: none !important;\n    }\n\n    table.footer {\n      border: 0;\n      cellpadding: 0;\n      cellspacing: 0;\n    }\n\n    .signature {\n      font-family: Verdana, Geneva, Arial, sans-serif;\n    }\n  </style>\n\n</head>\n\n<body>\n  \n<p>Hi Jim</p>\n\n<div id="apiaries" class="container-fluid">\n  <div class="indent bold">\n    Reminders\n  </div>\n  \n    <div class="indent2">\n      <a href="http://bee-restore.west.net.nz:8005/beedb/diary/1">Reminder 1</a> - Due by: Thu 27 Feb 2025\n      Beek: jim, Subject: Reminder 1\n    </div>\n    \n    <div class="indent2">\n      <a href="http://bee-restore.west.net.nz:8005/beedb/diary/4">test reminder due</a> - Due by: Tue 23 Sep 2025\n      Beek: jim, Subject: test reminder due\n    </div>\n    \n</div>\n<br>\n<div class="notice">\n  This email is being sent to you as per your settings in the Bee database system. You can turn on and off these emails\n  <a href="http://bee-restore.west.net.nz:8005/beedb/inspectPrefDetail/">here</a>,\n  and adjust your inspections timing preferences <a href="http://bee-restore.west.net.nz:8005/beedb/commsPrefDetail/">here</a>.\n</div>\n\n\n  <!-- START Signature -->\n  <div class="signature">\n    <p>Cheers</p>\n\n    \n      <p>Your bee and beehive management system</p>\n    \n  </div>\n  <!-- END Signature -->\n</body>\n\n</html>\n	t	2025-09-24 06:11:25.529777+00	2025-09-24 06:11:31.063673+00	1
78	Reminders from Bee-db	\N	<!doctype html>\n<html>\n\n<head>\n  <meta name="viewport" content="width=device-width" />\n  <meta http-equiv="Content-Type" content="text/html; charset=UTF-8" />\n\n  <title>\n    \nReminders\n\n  </title>\n  <style>\n    body {\n      font-family: Verdana, Geneva, Arial, sans-serif;\n    }\n\n    .descr {\n      font-style: italic;\n    }\n\n    .topic {\n      font-family: Monospace;\n      color: blue;\n    }\n\n    .payload {\n      color: #0b772f;\n    }\n\n    .bold {\n      font-weight: bold;\n    }\n\n    table.node-details {\n      border: 1px solid black;\n      border-collapse: collapse;\n    }\n\n    td.node-details {\n      border: 1px solid black;\n    }\n\n    .maillink {\n      background-color: #36f44f;\n      color: white;\n      padding: 14px 25px;\n      text-align: center;\n      text-decoration: none;\n      display: inline-block;\n      border-radius: 10px;\n      font-weight: bold;\n    }\n\n    .warning {\n      color: orange;\n    }\n\n    div.indent {\n      text-indent: 20px;\n    }\n\n    div.indent2 {\n      text-indent: 50px;\n    }\n\n    div.notice {\n      border: 2px solid black;\n      border-radius: 5px;\n      background-color: rgb(211, 211, 211);\n    }\n\n    /* -------------------------------------\n          HEADER, FOOTER, MAIN\n      ------------------------------------- */\n    .main {\n      background: #ffffff;\n      border-radius: 3px;\n      width: 100%;\n    }\n\n    .wrapper {\n      box-sizing: border-box;\n      padding: 20px;\n    }\n\n    .content-block {\n      padding-bottom: 10px;\n      padding-top: 10px;\n    }\n\n    .footer {\n      clear: both;\n      Margin-top: 10px;\n      text-align: center;\n      width: 100%;\n    }\n\n    .footer td,\n    .footer p,\n    .footer span,\n    .footer a {\n      color: #999999;\n      font-size: 12px;\n      text-align: center;\n    }\n\n    /* unsure why this is a good thing !   */\n    .apple-link a {\n      color: inherit !important;\n      font-family: inherit !important;\n      font-size: inherit !important;\n      font-weight: inherit !important;\n      line-height: inherit !important;\n      text-decoration: none !important;\n    }\n\n    table.footer {\n      border: 0;\n      cellpadding: 0;\n      cellspacing: 0;\n    }\n\n    .signature {\n      font-family: Verdana, Geneva, Arial, sans-serif;\n    }\n  </style>\n\n</head>\n\n<body>\n  \n<p>Hi Jim</p>\n\n<div id="apiaries" class="container-fluid">\n  <div class="indent bold">\n    Reminders that you have set up in the Bee database system.\n  </div>\n  \n    <div class="indent2">\n      <a href="http://bee-restore.west.net.nz:8005/beedb/diary/1">Reminder 1</a> - Due by: Thu 27 Feb 2025\n      Beek: jim, Subject: Reminder 1\n    </div>\n    \n    <div class="indent2">\n      <a href="http://bee-restore.west.net.nz:8005/beedb/diary/4">test reminder due</a> - Due by: Tue 23 Sep 2025\n      Beek: jim, Subject: test reminder due\n    </div>\n    \n    <div class="indent2">\n      <a href="http://bee-restore.west.net.nz:8005/beedb/diary/2">test reminder - future</a> - Due by: Thu 25 Sep 2025\n      Beek: jim, Subject: test reminder - future\n    </div>\n    \n</div>\n<br>\n<div class="notice">\n  This email is being sent to you as per your settings in the Bee database system. You can turn on and off these emails\n  <a href="http://bee-restore.west.net.nz:8005/beedb/inspectPrefDetail/">here</a>,\n  and adjust your inspections timing preferences <a href="http://bee-restore.west.net.nz:8005/beedb/commsPrefDetail/">here</a>.\n</div>\n\n\n  <!-- START Signature -->\n  <div class="signature">\n    <p>Cheers</p>\n\n    \n      <p>Your bee and beehive management system</p>\n    \n  </div>\n  <!-- END Signature -->\n</body>\n\n</html>\n	t	2025-09-25 21:15:06.096464+00	2025-09-25 21:15:12.625565+00	1
79	[Development] Reminders from Bee-db	\N	<!doctype html>\n<html>\n\n<head>\n  <meta name="viewport" content="width=device-width" />\n  <meta http-equiv="Content-Type" content="text/html; charset=UTF-8" />\n\n  <title>\n    \nReminders\n\n  </title>\n  <style>\n    body {\n      font-family: Verdana, Geneva, Arial, sans-serif;\n    }\n\n    .descr {\n      font-style: italic;\n    }\n\n    .topic {\n      font-family: Monospace;\n      color: blue;\n    }\n\n    .payload {\n      color: #0b772f;\n    }\n\n    .bold {\n      font-weight: bold;\n    }\n\n    table.node-details {\n      border: 1px solid black;\n      border-collapse: collapse;\n    }\n\n    td.node-details {\n      border: 1px solid black;\n    }\n\n    .maillink {\n      background-color: #36f44f;\n      color: white;\n      padding: 14px 25px;\n      text-align: center;\n      text-decoration: none;\n      display: inline-block;\n      border-radius: 10px;\n      font-weight: bold;\n    }\n\n    .warning {\n      color: orange;\n    }\n\n    div.indent {\n      text-indent: 20px;\n    }\n\n    div.indent2 {\n      text-indent: 50px;\n    }\n\n    div.notice {\n      border: 2px solid black;\n      border-radius: 5px;\n      background-color: rgb(211, 211, 211);\n    }\n\n    /* -------------------------------------\n          HEADER, FOOTER, MAIN\n      ------------------------------------- */\n    .main {\n      background: #ffffff;\n      border-radius: 3px;\n      width: 100%;\n    }\n\n    .wrapper {\n      box-sizing: border-box;\n      padding: 20px;\n    }\n\n    .content-block {\n      padding-bottom: 10px;\n      padding-top: 10px;\n    }\n\n    .footer {\n      clear: both;\n      Margin-top: 10px;\n      text-align: center;\n      width: 100%;\n    }\n\n    .footer td,\n    .footer p,\n    .footer span,\n    .footer a {\n      color: #999999;\n      font-size: 12px;\n      text-align: center;\n    }\n\n    /* unsure why this is a good thing !   */\n    .apple-link a {\n      color: inherit !important;\n      font-family: inherit !important;\n      font-size: inherit !important;\n      font-weight: inherit !important;\n      line-height: inherit !important;\n      text-decoration: none !important;\n    }\n\n    table.footer {\n      border: 0;\n      cellpadding: 0;\n      cellspacing: 0;\n    }\n\n    .signature {\n      font-family: Verdana, Geneva, Arial, sans-serif;\n    }\n  </style>\n\n</head>\n\n<body>\n  \n<p>Hi Jim</p>\n\n<div id="apiaries" class="container-fluid">\n  <div class="indent bold">\n    Reminders that you have set up in the Bee database system.\n  </div>\n  \n    <div class="indent2">\n      <a href="http://bee-restore.west.net.nz:8005/beedb/diary/1">Reminder 1</a> - Due by: Thu 27 Feb 2025\n      Beek: jim, Subject: Reminder 1\n    </div>\n    \n    <div class="indent2">\n      <a href="http://bee-restore.west.net.nz:8005/beedb/diary/4">test reminder due</a> - Due by: Tue 23 Sep 2025\n      Beek: jim, Subject: test reminder due\n    </div>\n    \n    <div class="indent2">\n      <a href="http://bee-restore.west.net.nz:8005/beedb/diary/2">test reminder - future</a> - Due by: Thu 25 Sep 2025\n      Beek: jim, Subject: test reminder - future\n    </div>\n    \n</div>\n<br>\n<div class="notice">\n  This email is being sent to you as per your settings in the Bee database system. You can turn on and off these emails\n  <a href="http://bee-restore.west.net.nz:8005/beedb/inspectPrefDetail/">here</a>,\n  and adjust your inspections timing preferences <a href="http://bee-restore.west.net.nz:8005/beedb/commsPrefDetail/">here</a>.\n</div>\n\n\n  <!-- START Signature -->\n  <div class="signature">\n    <p>Cheers</p>\n\n    \n      <p>Your bee and beehive management system</p>\n    \n  </div>\n  <!-- END Signature -->\n</body>\n\n</html>\n	t	2025-09-26 18:36:02.509424+00	2025-09-26 18:36:09.075728+00	1
80	[Development] Reminders from Bee-db	\N	<!doctype html>\n<html>\n\n<head>\n  <meta name="viewport" content="width=device-width" />\n  <meta http-equiv="Content-Type" content="text/html; charset=UTF-8" />\n\n  <title>\n    \nReminders\n\n  </title>\n  <style>\n    body {\n      font-family: Verdana, Geneva, Arial, sans-serif;\n    }\n\n    .descr {\n      font-style: italic;\n    }\n\n    .topic {\n      font-family: Monospace;\n      color: blue;\n    }\n\n    .payload {\n      color: #0b772f;\n    }\n\n    .bold {\n      font-weight: bold;\n    }\n\n    table.node-details {\n      border: 1px solid black;\n      border-collapse: collapse;\n    }\n\n    td.node-details {\n      border: 1px solid black;\n    }\n\n    .maillink {\n      background-color: #36f44f;\n      color: white;\n      padding: 14px 25px;\n      text-align: center;\n      text-decoration: none;\n      display: inline-block;\n      border-radius: 10px;\n      font-weight: bold;\n    }\n\n    .warning {\n      color: orange;\n    }\n\n    div.indent {\n      text-indent: 20px;\n    }\n\n    div.indent2 {\n      text-indent: 50px;\n    }\n\n    div.notice {\n      border: 2px solid black;\n      border-radius: 5px;\n      background-color: rgb(211, 211, 211);\n    }\n\n    /* -------------------------------------\n          HEADER, FOOTER, MAIN\n      ------------------------------------- */\n    .main {\n      background: #ffffff;\n      border-radius: 3px;\n      width: 100%;\n    }\n\n    .wrapper {\n      box-sizing: border-box;\n      padding: 20px;\n    }\n\n    .content-block {\n      padding-bottom: 10px;\n      padding-top: 10px;\n    }\n\n    .footer {\n      clear: both;\n      Margin-top: 10px;\n      text-align: center;\n      width: 100%;\n    }\n\n    .footer td,\n    .footer p,\n    .footer span,\n    .footer a {\n      color: #999999;\n      font-size: 12px;\n      text-align: center;\n    }\n\n    /* unsure why this is a good thing !   */\n    .apple-link a {\n      color: inherit !important;\n      font-family: inherit !important;\n      font-size: inherit !important;\n      font-weight: inherit !important;\n      line-height: inherit !important;\n      text-decoration: none !important;\n    }\n\n    table.footer {\n      border: 0;\n      cellpadding: 0;\n      cellspacing: 0;\n    }\n\n    .signature {\n      font-family: Verdana, Geneva, Arial, sans-serif;\n    }\n  </style>\n\n</head>\n\n<body>\n  \n<p>Hi Jim</p>\n\n<div id="apiaries" class="container-fluid">\n  <div class="indent bold">\n    Reminders that you have set up in the Bee database system.\n  </div>\n\n  \n     \n\n\n\n\n  \n</div>\n<br>\n<div class="notice">\n  This email is being sent to you as per your settings in the Bee database system. You can turn on and off these emails\n  <a href="http://bee-restore.west.net.nz:8005/beedb/inspectPrefDetail/">here</a>,\n  and adjust your inspections timing preferences <a href="http://bee-restore.west.net.nz:8005/beedb/commsPrefDetail/">here</a>.\n</div>\n\n\n  <!-- START Signature -->\n  <div class="signature">\n    <p>Cheers</p>\n\n    \n      <p>Your bee and beehive management system</p>\n    \n  </div>\n  <!-- END Signature -->\n</body>\n\n</html>\n	t	2025-09-29 06:51:30.949391+00	2025-09-29 06:51:36.886768+00	1
81	[Development] Reminders from Bee-db	\N	<!doctype html>\n<html>\n\n<head>\n  <meta name="viewport" content="width=device-width" />\n  <meta http-equiv="Content-Type" content="text/html; charset=UTF-8" />\n\n  <title>\n    \nReminders\n\n  </title>\n  <style>\n    body {\n      font-family: Verdana, Geneva, Arial, sans-serif;\n    }\n\n    .descr {\n      font-style: italic;\n    }\n\n    .topic {\n      font-family: Monospace;\n      color: blue;\n    }\n\n    .payload {\n      color: #0b772f;\n    }\n\n    .bold {\n      font-weight: bold;\n    }\n\n    table.node-details {\n      border: 1px solid black;\n      border-collapse: collapse;\n    }\n\n    td.node-details {\n      border: 1px solid black;\n    }\n\n    .maillink {\n      background-color: #36f44f;\n      color: white;\n      padding: 14px 25px;\n      text-align: center;\n      text-decoration: none;\n      display: inline-block;\n      border-radius: 10px;\n      font-weight: bold;\n    }\n\n    .warning {\n      color: orange;\n    }\n\n    div.indent {\n      text-indent: 20px;\n    }\n\n    div.indent2 {\n      text-indent: 50px;\n    }\n\n    div.notice {\n      border: 2px solid black;\n      border-radius: 5px;\n      background-color: rgb(211, 211, 211);\n    }\n\n    /* -------------------------------------\n          HEADER, FOOTER, MAIN\n      ------------------------------------- */\n    .main {\n      background: #ffffff;\n      border-radius: 3px;\n      width: 100%;\n    }\n\n    .wrapper {\n      box-sizing: border-box;\n      padding: 20px;\n    }\n\n    .content-block {\n      padding-bottom: 10px;\n      padding-top: 10px;\n    }\n\n    .footer {\n      clear: both;\n      Margin-top: 10px;\n      text-align: center;\n      width: 100%;\n    }\n\n    .footer td,\n    .footer p,\n    .footer span,\n    .footer a {\n      color: #999999;\n      font-size: 12px;\n      text-align: center;\n    }\n\n    /* unsure why this is a good thing !   */\n    .apple-link a {\n      color: inherit !important;\n      font-family: inherit !important;\n      font-size: inherit !important;\n      font-weight: inherit !important;\n      line-height: inherit !important;\n      text-decoration: none !important;\n    }\n\n    table.footer {\n      border: 0;\n      cellpadding: 0;\n      cellspacing: 0;\n    }\n\n    .signature {\n      font-family: Verdana, Geneva, Arial, sans-serif;\n    }\n  </style>\n\n</head>\n\n<body>\n  \n<p>Hi Jim</p>\n\n<div id="apiaries" class="container-fluid">\n  <div class="indent bold">\n    Reminders that you have set up in the Bee database system.\n  </div>\n\n  \n     \n\n\n\n\n  \n</div>\n<br>\n<div class="notice">\n  This email is being sent to you as per your settings in the Bee database system. You can turn on and off these emails\n  <a href="http://bee-restore.west.net.nz:8005/beedb/inspectPrefDetail/">here</a>,\n  and adjust your inspections timing preferences <a href="http://bee-restore.west.net.nz:8005/beedb/commsPrefDetail/">here</a>.\n</div>\n\n\n  <!-- START Signature -->\n  <div class="signature">\n    <p>Cheers</p>\n\n    \n      <p>Your bee and beehive management system</p>\n    \n  </div>\n  <!-- END Signature -->\n</body>\n\n</html>\n	t	2025-09-29 06:53:12.404136+00	2025-09-29 06:53:18.248383+00	1
82	[Development] Reminders from Bee-db	\N	<!doctype html>\n<html>\n\n<head>\n  <meta name="viewport" content="width=device-width" />\n  <meta http-equiv="Content-Type" content="text/html; charset=UTF-8" />\n\n  <title>\n    \nReminders\n\n  </title>\n  <style>\n    body {\n      font-family: Verdana, Geneva, Arial, sans-serif;\n    }\n\n    .descr {\n      font-style: italic;\n    }\n\n    .topic {\n      font-family: Monospace;\n      color: blue;\n    }\n\n    .payload {\n      color: #0b772f;\n    }\n\n    .bold {\n      font-weight: bold;\n    }\n\n    table.node-details {\n      border: 1px solid black;\n      border-collapse: collapse;\n    }\n\n    td.node-details {\n      border: 1px solid black;\n    }\n\n    .maillink {\n      background-color: #36f44f;\n      color: white;\n      padding: 14px 25px;\n      text-align: center;\n      text-decoration: none;\n      display: inline-block;\n      border-radius: 10px;\n      font-weight: bold;\n    }\n\n    .warning {\n      color: orange;\n    }\n\n    div.indent {\n      text-indent: 20px;\n    }\n\n    div.indent2 {\n      text-indent: 50px;\n    }\n\n    div.notice {\n      border: 2px solid black;\n      border-radius: 5px;\n      background-color: rgb(211, 211, 211);\n    }\n\n    /* -------------------------------------\n          HEADER, FOOTER, MAIN\n      ------------------------------------- */\n    .main {\n      background: #ffffff;\n      border-radius: 3px;\n      width: 100%;\n    }\n\n    .wrapper {\n      box-sizing: border-box;\n      padding: 20px;\n    }\n\n    .content-block {\n      padding-bottom: 10px;\n      padding-top: 10px;\n    }\n\n    .footer {\n      clear: both;\n      Margin-top: 10px;\n      text-align: center;\n      width: 100%;\n    }\n\n    .footer td,\n    .footer p,\n    .footer span,\n    .footer a {\n      color: #999999;\n      font-size: 12px;\n      text-align: center;\n    }\n\n    /* unsure why this is a good thing !   */\n    .apple-link a {\n      color: inherit !important;\n      font-family: inherit !important;\n      font-size: inherit !important;\n      font-weight: inherit !important;\n      line-height: inherit !important;\n      text-decoration: none !important;\n    }\n\n    table.footer {\n      border: 0;\n      cellpadding: 0;\n      cellspacing: 0;\n    }\n\n    .signature {\n      font-family: Verdana, Geneva, Arial, sans-serif;\n    }\n  </style>\n\n</head>\n\n<body>\n  \n<p>Hi Jim</p>\n\n<div id="apiaries" class="container-fluid">\n  <div class="indent bold">\n    Reminders that you have set up in the Bee database system.\n  </div>\n\n  \n     \n\n\n\n\n  \n</div>\n<br>\n<div class="notice">\n  This email is being sent to you as per your settings in the Bee database system. You can turn on and off these emails\n  <a href="http://bee-restore.west.net.nz:8005/beedb/inspectPrefDetail/">here</a>,\n  and adjust your inspections timing preferences <a href="http://bee-restore.west.net.nz:8005/beedb/commsPrefDetail/">here</a>.\n</div>\n\n\n  <!-- START Signature -->\n  <div class="signature">\n    <p>Cheers</p>\n\n    \n      <p>Your bee and beehive management system</p>\n    \n  </div>\n  <!-- END Signature -->\n</body>\n\n</html>\n	t	2025-09-29 06:54:05.694817+00	2025-09-29 06:54:11.237373+00	1
83	[Development] Reminders from Bee-db	\N	<!doctype html>\n<html>\n\n<head>\n  <meta name="viewport" content="width=device-width" />\n  <meta http-equiv="Content-Type" content="text/html; charset=UTF-8" />\n\n  <title>\n    \nReminders\n\n  </title>\n  <style>\n    body {\n      font-family: Verdana, Geneva, Arial, sans-serif;\n    }\n\n    .descr {\n      font-style: italic;\n    }\n\n    .topic {\n      font-family: Monospace;\n      color: blue;\n    }\n\n    .payload {\n      color: #0b772f;\n    }\n\n    .bold {\n      font-weight: bold;\n    }\n\n    table.node-details {\n      border: 1px solid black;\n      border-collapse: collapse;\n    }\n\n    td.node-details {\n      border: 1px solid black;\n    }\n\n    .maillink {\n      background-color: #36f44f;\n      color: white;\n      padding: 14px 25px;\n      text-align: center;\n      text-decoration: none;\n      display: inline-block;\n      border-radius: 10px;\n      font-weight: bold;\n    }\n\n    .warning {\n      color: orange;\n    }\n\n    div.indent {\n      text-indent: 20px;\n    }\n\n    div.indent2 {\n      text-indent: 50px;\n    }\n\n    div.notice {\n      border: 2px solid black;\n      border-radius: 5px;\n      background-color: rgb(211, 211, 211);\n    }\n\n    /* -------------------------------------\n          HEADER, FOOTER, MAIN\n      ------------------------------------- */\n    .main {\n      background: #ffffff;\n      border-radius: 3px;\n      width: 100%;\n    }\n\n    .wrapper {\n      box-sizing: border-box;\n      padding: 20px;\n    }\n\n    .content-block {\n      padding-bottom: 10px;\n      padding-top: 10px;\n    }\n\n    .footer {\n      clear: both;\n      Margin-top: 10px;\n      text-align: center;\n      width: 100%;\n    }\n\n    .footer td,\n    .footer p,\n    .footer span,\n    .footer a {\n      color: #999999;\n      font-size: 12px;\n      text-align: center;\n    }\n\n    /* unsure why this is a good thing !   */\n    .apple-link a {\n      color: inherit !important;\n      font-family: inherit !important;\n      font-size: inherit !important;\n      font-weight: inherit !important;\n      line-height: inherit !important;\n      text-decoration: none !important;\n    }\n\n    table.footer {\n      border: 0;\n      cellpadding: 0;\n      cellspacing: 0;\n    }\n\n    .signature {\n      font-family: Verdana, Geneva, Arial, sans-serif;\n    }\n  </style>\n\n</head>\n\n<body>\n  \n<p>Hi Jim</p>\n\n<div id="apiaries" class="container-fluid">\n  <div class="indent bold">\n    Reminders that you have set up in the Bee database system.\n  </div>\n\n  \n  Apiary - Browns bay\n    \n  \n  Apiary - Glenfield\n    \n  \n     \n\n\n\n\n  \n</div>\n<br>\n<div class="notice">\n  This email is being sent to you as per your settings in the Bee database system. You can turn on and off these emails\n  <a href="http://bee-restore.west.net.nz:8005/beedb/inspectPrefDetail/">here</a>,\n  and adjust your inspections timing preferences <a href="http://bee-restore.west.net.nz:8005/beedb/commsPrefDetail/">here</a>.\n</div>\n\n\n  <!-- START Signature -->\n  <div class="signature">\n    <p>Cheers</p>\n\n    \n      <p>Your bee and beehive management system</p>\n    \n  </div>\n  <!-- END Signature -->\n</body>\n\n</html>\n	t	2025-09-29 06:57:07.541173+00	2025-09-29 06:57:13.157996+00	1
84	[Development] Reminders from Bee-db	\N	<!doctype html>\n<html>\n\n<head>\n  <meta name="viewport" content="width=device-width" />\n  <meta http-equiv="Content-Type" content="text/html; charset=UTF-8" />\n\n  <title>\n    \nReminders\n\n  </title>\n  <style>\n    body {\n      font-family: Verdana, Geneva, Arial, sans-serif;\n    }\n\n    .descr {\n      font-style: italic;\n    }\n\n    .topic {\n      font-family: Monospace;\n      color: blue;\n    }\n\n    .payload {\n      color: #0b772f;\n    }\n\n    .bold {\n      font-weight: bold;\n    }\n\n    table.node-details {\n      border: 1px solid black;\n      border-collapse: collapse;\n    }\n\n    td.node-details {\n      border: 1px solid black;\n    }\n\n    .maillink {\n      background-color: #36f44f;\n      color: white;\n      padding: 14px 25px;\n      text-align: center;\n      text-decoration: none;\n      display: inline-block;\n      border-radius: 10px;\n      font-weight: bold;\n    }\n\n    .warning {\n      color: orange;\n    }\n\n    div.indent {\n      text-indent: 20px;\n    }\n\n    div.indent2 {\n      text-indent: 50px;\n    }\n\n    div.notice {\n      border: 2px solid black;\n      border-radius: 5px;\n      background-color: rgb(211, 211, 211);\n    }\n\n    /* -------------------------------------\n          HEADER, FOOTER, MAIN\n      ------------------------------------- */\n    .main {\n      background: #ffffff;\n      border-radius: 3px;\n      width: 100%;\n    }\n\n    .wrapper {\n      box-sizing: border-box;\n      padding: 20px;\n    }\n\n    .content-block {\n      padding-bottom: 10px;\n      padding-top: 10px;\n    }\n\n    .footer {\n      clear: both;\n      Margin-top: 10px;\n      text-align: center;\n      width: 100%;\n    }\n\n    .footer td,\n    .footer p,\n    .footer span,\n    .footer a {\n      color: #999999;\n      font-size: 12px;\n      text-align: center;\n    }\n\n    /* unsure why this is a good thing !   */\n    .apple-link a {\n      color: inherit !important;\n      font-family: inherit !important;\n      font-size: inherit !important;\n      font-weight: inherit !important;\n      line-height: inherit !important;\n      text-decoration: none !important;\n    }\n\n    table.footer {\n      border: 0;\n      cellpadding: 0;\n      cellspacing: 0;\n    }\n\n    .signature {\n      font-family: Verdana, Geneva, Arial, sans-serif;\n    }\n  </style>\n\n</head>\n\n<body>\n  \n<p>Hi Jim</p>\n\n<div id="apiaries" class="container-fluid">\n  <div class="indent bold">\n    Reminders that you have set up in the Bee database system.\n  </div>\n\n  \n  Apiary - Browns bay\n    \n  \n  Apiary - Glenfield\n    \n  \n     \n\n\n\n\n  \n</div>\n<br>\n<div class="notice">\n  This email is being sent to you as per your settings in the Bee database system. You can turn on and off these emails\n  <a href="http://bee-restore.west.net.nz:8005/beedb/inspectPrefDetail/">here</a>,\n  and adjust your inspections timing preferences <a href="http://bee-restore.west.net.nz:8005/beedb/commsPrefDetail/">here</a>.\n</div>\n\n\n  <!-- START Signature -->\n  <div class="signature">\n    <p>Cheers</p>\n\n    \n      <p>Your bee and beehive management system</p>\n    \n  </div>\n  <!-- END Signature -->\n</body>\n\n</html>\n	t	2025-09-29 06:57:38.167474+00	2025-09-29 06:57:43.650507+00	1
85	[Development] Reminders from Bee-db	\N	<!doctype html>\n<html>\n\n<head>\n  <meta name="viewport" content="width=device-width" />\n  <meta http-equiv="Content-Type" content="text/html; charset=UTF-8" />\n\n  <title>\n    \nReminders\n\n  </title>\n  <style>\n    body {\n      font-family: Verdana, Geneva, Arial, sans-serif;\n    }\n\n    .descr {\n      font-style: italic;\n    }\n\n    .topic {\n      font-family: Monospace;\n      color: blue;\n    }\n\n    .payload {\n      color: #0b772f;\n    }\n\n    .bold {\n      font-weight: bold;\n    }\n\n    table.node-details {\n      border: 1px solid black;\n      border-collapse: collapse;\n    }\n\n    td.node-details {\n      border: 1px solid black;\n    }\n\n    .maillink {\n      background-color: #36f44f;\n      color: white;\n      padding: 14px 25px;\n      text-align: center;\n      text-decoration: none;\n      display: inline-block;\n      border-radius: 10px;\n      font-weight: bold;\n    }\n\n    .warning {\n      color: orange;\n    }\n\n    div.indent {\n      text-indent: 20px;\n    }\n\n    div.indent2 {\n      text-indent: 50px;\n    }\n\n    div.notice {\n      border: 2px solid black;\n      border-radius: 5px;\n      background-color: rgb(211, 211, 211);\n    }\n\n    /* -------------------------------------\n          HEADER, FOOTER, MAIN\n      ------------------------------------- */\n    .main {\n      background: #ffffff;\n      border-radius: 3px;\n      width: 100%;\n    }\n\n    .wrapper {\n      box-sizing: border-box;\n      padding: 20px;\n    }\n\n    .content-block {\n      padding-bottom: 10px;\n      padding-top: 10px;\n    }\n\n    .footer {\n      clear: both;\n      Margin-top: 10px;\n      text-align: center;\n      width: 100%;\n    }\n\n    .footer td,\n    .footer p,\n    .footer span,\n    .footer a {\n      color: #999999;\n      font-size: 12px;\n      text-align: center;\n    }\n\n    /* unsure why this is a good thing !   */\n    .apple-link a {\n      color: inherit !important;\n      font-family: inherit !important;\n      font-size: inherit !important;\n      font-weight: inherit !important;\n      line-height: inherit !important;\n      text-decoration: none !important;\n    }\n\n    table.footer {\n      border: 0;\n      cellpadding: 0;\n      cellspacing: 0;\n    }\n\n    .signature {\n      font-family: Verdana, Geneva, Arial, sans-serif;\n    }\n  </style>\n\n</head>\n\n<body>\n  \n<p>Hi Jim</p>\n\n<div id="apiaries" class="container-fluid">\n  <div class="indent bold">\n    Reminders that you have set up in the Bee database system.\n  </div>\n\n  \n  Apiary - Browns bay\n    \n    Colony - B1\n      \n      \n      <div class="indent">\n        <strong>Colony: <a href="http://bee-restore.west.net.nz:8005/beedb/colony/3">B1</a> in Apiary: <a href="http://bee-restore.west.net.nz:8005/beedb/apiary/2">Browns bay</a></strong>\n      </div>\n      <div class="indent">\n        <em>New reminders:</em>\n      </div>\n      \n      <div class="indent2">\n        <a href="http://bee-restore.west.net.nz:8005/beedb/diary/1">Reminder 1</a> - Due by: Thu 27 Feb 2025\n        Beek: jim, Subject: Reminder 1\n      </div>\n      \n      \n      \n    \n    Colony - B2\n      \n      \n      <div class="indent">\n        <strong>Colony: <a href="http://bee-restore.west.net.nz:8005/beedb/colony/4">B2</a> in Apiary: <a href="http://bee-restore.west.net.nz:8005/beedb/apiary/2">Browns bay</a></strong>\n      </div>\n      <div class="indent">\n        <em>New reminders:</em>\n      </div>\n      \n      <div class="indent2">\n        <a href="http://bee-restore.west.net.nz:8005/beedb/diary/4">test reminder due</a> - Due by: Tue 23 Sep 2025\n        Beek: jim, Subject: test reminder due\n      </div>\n      \n      <div class="indent2">\n        <a href="http://bee-restore.west.net.nz:8005/beedb/diary/2">test reminder - future</a> - Due by: Thu 25 Sep 2025\n        Beek: jim, Subject: test reminder - future\n      </div>\n      \n      \n      \n    \n  \n  Apiary - Glenfield\n    \n    Colony - G1\n      \n      \n      \n    \n    Colony - G2\n      \n      \n      \n    \n  \n     \n\n\n\n\n  \n</div>\n<br>\n<div class="notice">\n  This email is being sent to you as per your settings in the Bee database system. You can turn on and off these emails\n  <a href="http://bee-restore.west.net.nz:8005/beedb/inspectPrefDetail/">here</a>,\n  and adjust your inspections timing preferences <a href="http://bee-restore.west.net.nz:8005/beedb/commsPrefDetail/">here</a>.\n</div>\n\n\n  <!-- START Signature -->\n  <div class="signature">\n    <p>Cheers</p>\n\n    \n      <p>Your bee and beehive management system</p>\n    \n  </div>\n  <!-- END Signature -->\n</body>\n\n</html>\n	t	2025-09-29 06:58:12.997581+00	2025-09-29 06:58:18.549114+00	1
86	[Development] Reminders from Bee-db	\N	<!doctype html>\n<html>\n\n<head>\n  <meta name="viewport" content="width=device-width" />\n  <meta http-equiv="Content-Type" content="text/html; charset=UTF-8" />\n\n  <title>\n    \nReminders\n\n  </title>\n  <style>\n    body {\n      font-family: Verdana, Geneva, Arial, sans-serif;\n    }\n\n    .descr {\n      font-style: italic;\n    }\n\n    .topic {\n      font-family: Monospace;\n      color: blue;\n    }\n\n    .payload {\n      color: #0b772f;\n    }\n\n    .bold {\n      font-weight: bold;\n    }\n\n    table.node-details {\n      border: 1px solid black;\n      border-collapse: collapse;\n    }\n\n    td.node-details {\n      border: 1px solid black;\n    }\n\n    .maillink {\n      background-color: #36f44f;\n      color: white;\n      padding: 14px 25px;\n      text-align: center;\n      text-decoration: none;\n      display: inline-block;\n      border-radius: 10px;\n      font-weight: bold;\n    }\n\n    .warning {\n      color: orange;\n    }\n\n    div.indent {\n      text-indent: 20px;\n    }\n\n    div.indent2 {\n      text-indent: 50px;\n    }\n\n    div.notice {\n      border: 2px solid black;\n      border-radius: 5px;\n      background-color: rgb(211, 211, 211);\n    }\n\n    /* -------------------------------------\n          HEADER, FOOTER, MAIN\n      ------------------------------------- */\n    .main {\n      background: #ffffff;\n      border-radius: 3px;\n      width: 100%;\n    }\n\n    .wrapper {\n      box-sizing: border-box;\n      padding: 20px;\n    }\n\n    .content-block {\n      padding-bottom: 10px;\n      padding-top: 10px;\n    }\n\n    .footer {\n      clear: both;\n      Margin-top: 10px;\n      text-align: center;\n      width: 100%;\n    }\n\n    .footer td,\n    .footer p,\n    .footer span,\n    .footer a {\n      color: #999999;\n      font-size: 12px;\n      text-align: center;\n    }\n\n    /* unsure why this is a good thing !   */\n    .apple-link a {\n      color: inherit !important;\n      font-family: inherit !important;\n      font-size: inherit !important;\n      font-weight: inherit !important;\n      line-height: inherit !important;\n      text-decoration: none !important;\n    }\n\n    table.footer {\n      border: 0;\n      cellpadding: 0;\n      cellspacing: 0;\n    }\n\n    .signature {\n      font-family: Verdana, Geneva, Arial, sans-serif;\n    }\n  </style>\n\n</head>\n\n<body>\n  \n<p>Hi Jim</p>\n\n<div id="apiaries" class="container-fluid">\n  <div class="indent bold">\n    Reminders that you have set up in the Bee database system.\n  </div>\n\n  \n  Apiary - Browns bay\n    \n    Colony - B1\n      \n        \n          <div class="indent">\n            <strong>Colony: <a href="http://bee-restore.west.net.nz:8005/beedb/colony/3">B1</a> in Apiary: <a href="http://bee-restore.west.net.nz:8005/beedb/apiary/2">Browns bay</a></strong>\n          </div>\n          <div class="indent">\n            <em>New reminders:</em>\n          </div>\n          \n            <div class="indent2">\n              <a href="http://bee-restore.west.net.nz:8005/beedb/diary/1">Reminder 1</a> - Due by: Thu 27 Feb 2025\n              Beek: jim, Subject: Reminder 1\n            </div>\n          \n          \n            \n                      \n        \n      \n    \n    Colony - B2\n      \n        \n          <div class="indent">\n            <strong>Colony: <a href="http://bee-restore.west.net.nz:8005/beedb/colony/4">B2</a> in Apiary: <a href="http://bee-restore.west.net.nz:8005/beedb/apiary/2">Browns bay</a></strong>\n          </div>\n          <div class="indent">\n            <em>New reminders:</em>\n          </div>\n          \n            <div class="indent2">\n              <a href="http://bee-restore.west.net.nz:8005/beedb/diary/4">test reminder due</a> - Due by: Tue 23 Sep 2025\n              Beek: jim, Subject: test reminder due\n            </div>\n          \n            <div class="indent2">\n              <a href="http://bee-restore.west.net.nz:8005/beedb/diary/2">test reminder - future</a> - Due by: Thu 25 Sep 2025\n              Beek: jim, Subject: test reminder - future\n            </div>\n          \n          \n            \n              <div class="indent">\n                <em>Older reminders:</em>\n              </div>\n              \n                <div class="indent2">\n                  <a href="http://bee-restore.west.net.nz:8005/beedb/diary/3">test reminder past</a> - Due by: Sun 02 Feb 2025\n                  Beek: jim, Subject: test reminder past\n                </div>\n              \n            \n                      \n        \n      \n    \n  \n  Apiary - Glenfield\n    \n    Colony - G1\n      \n        \n      \n    \n    Colony - G2\n      \n        \n      \n    \n  \n     \n\n</div>\n<br>\n<div class="notice">\n  This email is being sent to you as per your settings in the Bee database system. You can turn on and off these emails\n  <a href="http://bee-restore.west.net.nz:8005/beedb/inspectPrefDetail/">here</a>,\n  and adjust your inspections timing preferences <a href="http://bee-restore.west.net.nz:8005/beedb/commsPrefDetail/">here</a>.\n</div>\n\n\n  <!-- START Signature -->\n  <div class="signature">\n    <p>Cheers</p>\n\n    \n      <p>Your bee and beehive management system</p>\n    \n  </div>\n  <!-- END Signature -->\n</body>\n\n</html>\n	t	2025-09-29 07:04:07.036739+00	2025-09-29 07:04:12.945306+00	1
87	[Development] Reminders from Bee-db	\N	<!doctype html>\n<html>\n\n<head>\n  <meta name="viewport" content="width=device-width" />\n  <meta http-equiv="Content-Type" content="text/html; charset=UTF-8" />\n\n  <title>\n    \nReminders\n\n  </title>\n  <style>\n    body {\n      font-family: Verdana, Geneva, Arial, sans-serif;\n    }\n\n    .descr {\n      font-style: italic;\n    }\n\n    .topic {\n      font-family: Monospace;\n      color: blue;\n    }\n\n    .payload {\n      color: #0b772f;\n    }\n\n    .bold {\n      font-weight: bold;\n    }\n\n    table.node-details {\n      border: 1px solid black;\n      border-collapse: collapse;\n    }\n\n    td.node-details {\n      border: 1px solid black;\n    }\n\n    .maillink {\n      background-color: #36f44f;\n      color: white;\n      padding: 14px 25px;\n      text-align: center;\n      text-decoration: none;\n      display: inline-block;\n      border-radius: 10px;\n      font-weight: bold;\n    }\n\n    .warning {\n      color: orange;\n    }\n\n    div.indent {\n      text-indent: 20px;\n    }\n\n    div.indent2 {\n      text-indent: 50px;\n    }\n\n    div.notice {\n      border: 2px solid black;\n      border-radius: 5px;\n      background-color: rgb(211, 211, 211);\n    }\n\n    /* -------------------------------------\n          HEADER, FOOTER, MAIN\n      ------------------------------------- */\n    .main {\n      background: #ffffff;\n      border-radius: 3px;\n      width: 100%;\n    }\n\n    .wrapper {\n      box-sizing: border-box;\n      padding: 20px;\n    }\n\n    .content-block {\n      padding-bottom: 10px;\n      padding-top: 10px;\n    }\n\n    .footer {\n      clear: both;\n      Margin-top: 10px;\n      text-align: center;\n      width: 100%;\n    }\n\n    .footer td,\n    .footer p,\n    .footer span,\n    .footer a {\n      color: #999999;\n      font-size: 12px;\n      text-align: center;\n    }\n\n    /* unsure why this is a good thing !   */\n    .apple-link a {\n      color: inherit !important;\n      font-family: inherit !important;\n      font-size: inherit !important;\n      font-weight: inherit !important;\n      line-height: inherit !important;\n      text-decoration: none !important;\n    }\n\n    table.footer {\n      border: 0;\n      cellpadding: 0;\n      cellspacing: 0;\n    }\n\n    .signature {\n      font-family: Verdana, Geneva, Arial, sans-serif;\n    }\n  </style>\n\n</head>\n\n<body>\n  \n<p>Hi Jim</p>\n\n<div id="apiaries" class="container-fluid">\n  <div class="indent bold">\n    Reminders that you have set up in the Bee database system.\n  </div>\n\n  \n  Apiary - Browns bay\n    \n    Colony - B1\n      \n        \n          <div class="indent">\n            <strong>Colony: <a href="http://bee-restore.west.net.nz:8005/beedb/colony/3">B1</a> in Apiary: <a href="http://bee-restore.west.net.nz:8005/beedb/apiary/2">Browns bay</a></strong>\n          </div>\n          <div class="indent">\n            <em>New reminders:</em>\n          </div>\n          \n            <div class="indent2">\n              <a href="http://bee-restore.west.net.nz:8005/beedb/diary/1">Reminder 1</a> - Due by: Thu 27 Feb 2025\n              Beek: jim, Subject: Reminder 1\n            </div>\n          \n          \n            \n                      \n        \n      \n    \n    Colony - B2\n      \n        \n          <div class="indent">\n            <strong>Colony: <a href="http://bee-restore.west.net.nz:8005/beedb/colony/4">B2</a> in Apiary: <a href="http://bee-restore.west.net.nz:8005/beedb/apiary/2">Browns bay</a></strong>\n          </div>\n          <div class="indent">\n            <em>New reminders:</em>\n          </div>\n          \n            <div class="indent2">\n              <a href="http://bee-restore.west.net.nz:8005/beedb/diary/4">test reminder due</a> - Due by: Tue 23 Sep 2025\n              Beek: jim, Subject: test reminder due\n            </div>\n          \n          \n            \n              <div class="indent">\n                <em>Older reminders:</em>\n              </div>\n              \n                <div class="indent2">\n                  <a href="http://bee-restore.west.net.nz:8005/beedb/diary/3">test reminder past</a> - Due by: Sun 02 Feb 2025\n                  Beek: jim, Subject: test reminder past\n                </div>\n              \n            \n                      \n        \n      \n    \n  \n  Apiary - Glenfield\n    \n    Colony - G1\n      \n        \n      \n    \n    Colony - G2\n      \n        \n      \n    \n  \n     \n\n</div>\n<br>\n<div class="notice">\n  This email is being sent to you as per your settings in the Bee database system. You can turn on and off these emails\n  <a href="http://bee-restore.west.net.nz:8005/beedb/inspectPrefDetail/">here</a>,\n  and adjust your inspections timing preferences <a href="http://bee-restore.west.net.nz:8005/beedb/commsPrefDetail/">here</a>.\n</div>\n\n\n  <!-- START Signature -->\n  <div class="signature">\n    <p>Cheers</p>\n\n    \n      <p>Your bee and beehive management system</p>\n    \n  </div>\n  <!-- END Signature -->\n</body>\n\n</html>\n	t	2025-09-29 07:05:33.231824+00	2025-09-29 07:05:38.776876+00	1
88	[Development] Reminders from Bee-db	\N	<!doctype html>\n<html>\n\n<head>\n  <meta name="viewport" content="width=device-width" />\n  <meta http-equiv="Content-Type" content="text/html; charset=UTF-8" />\n\n  <title>\n    \nReminders\n\n  </title>\n  <style>\n    body {\n      font-family: Verdana, Geneva, Arial, sans-serif;\n    }\n\n    .descr {\n      font-style: italic;\n    }\n\n    .topic {\n      font-family: Monospace;\n      color: blue;\n    }\n\n    .payload {\n      color: #0b772f;\n    }\n\n    .bold {\n      font-weight: bold;\n    }\n\n    table.node-details {\n      border: 1px solid black;\n      border-collapse: collapse;\n    }\n\n    td.node-details {\n      border: 1px solid black;\n    }\n\n    .maillink {\n      background-color: #36f44f;\n      color: white;\n      padding: 14px 25px;\n      text-align: center;\n      text-decoration: none;\n      display: inline-block;\n      border-radius: 10px;\n      font-weight: bold;\n    }\n\n    .warning {\n      color: orange;\n    }\n\n    div.indent {\n      text-indent: 20px;\n    }\n\n    div.indent2 {\n      text-indent: 50px;\n    }\n\n    div.notice {\n      border: 2px solid black;\n      border-radius: 5px;\n      background-color: rgb(211, 211, 211);\n    }\n\n    /* -------------------------------------\n          HEADER, FOOTER, MAIN\n      ------------------------------------- */\n    .main {\n      background: #ffffff;\n      border-radius: 3px;\n      width: 100%;\n    }\n\n    .wrapper {\n      box-sizing: border-box;\n      padding: 20px;\n    }\n\n    .content-block {\n      padding-bottom: 10px;\n      padding-top: 10px;\n    }\n\n    .footer {\n      clear: both;\n      Margin-top: 10px;\n      text-align: center;\n      width: 100%;\n    }\n\n    .footer td,\n    .footer p,\n    .footer span,\n    .footer a {\n      color: #999999;\n      font-size: 12px;\n      text-align: center;\n    }\n\n    /* unsure why this is a good thing !   */\n    .apple-link a {\n      color: inherit !important;\n      font-family: inherit !important;\n      font-size: inherit !important;\n      font-weight: inherit !important;\n      line-height: inherit !important;\n      text-decoration: none !important;\n    }\n\n    table.footer {\n      border: 0;\n      cellpadding: 0;\n      cellspacing: 0;\n    }\n\n    .signature {\n      font-family: Verdana, Geneva, Arial, sans-serif;\n    }\n  </style>\n\n</head>\n\n<body>\n  \n<p>Hi Jim</p>\n\n<div id="apiaries" class="container-fluid">\n  <div class="indent bold">\n    Reminders that you have set up in the Bee database system.\n  </div>\n\n  \n\n    \n      \n        \n          <div class="indent">\n            <strong>Colony: <a href="http://bee-restore.west.net.nz:8005/beedb/colony/3">B1</a> in Apiary: <a href="http://bee-restore.west.net.nz:8005/beedb/apiary/2">Browns bay</a></strong>\n          </div>\n          <div class="indent">\n            <em>New reminders:</em>\n          </div>\n          \n            <div class="indent2">\n              <a href="http://bee-restore.west.net.nz:8005/beedb/diary/1">Reminder 1</a> - Due by: Thu 27 Feb 2025\n              Beek: jim, Subject: Reminder 1\n            </div>\n          \n          \n            \n                      \n        \n      \n    \n      \n        \n          <div class="indent">\n            <strong>Colony: <a href="http://bee-restore.west.net.nz:8005/beedb/colony/4">B2</a> in Apiary: <a href="http://bee-restore.west.net.nz:8005/beedb/apiary/2">Browns bay</a></strong>\n          </div>\n          <div class="indent">\n            <em>New reminders:</em>\n          </div>\n          \n            <div class="indent2">\n              <a href="http://bee-restore.west.net.nz:8005/beedb/diary/4">test reminder due</a> - Due by: Tue 23 Sep 2025\n              Beek: jim, Subject: test reminder due\n            </div>\n          \n          \n            \n              <div class="indent">\n                <em>Older reminders:</em>\n              </div>\n              \n                <div class="indent2">\n                  <a href="http://bee-restore.west.net.nz:8005/beedb/diary/3">test reminder past</a> - Due by: Sun 02 Feb 2025\n                  Beek: jim, Subject: test reminder past\n                </div>\n              \n            \n                      \n        \n      \n    \n  \n\n    \n      \n        \n      \n    \n      \n        \n      \n    \n  \n     \n\n</div>\n<br>\n<div class="notice">\n  This email is being sent to you as per your settings in the Bee database system. You can turn on and off these emails\n  <a href="http://bee-restore.west.net.nz:8005/beedb/inspectPrefDetail/">here</a>,\n  and adjust your inspections timing preferences <a href="http://bee-restore.west.net.nz:8005/beedb/commsPrefDetail/">here</a>.\n</div>\n\n\n  <!-- START Signature -->\n  <div class="signature">\n    <p>Cheers</p>\n\n    \n      <p>Your bee and beehive management system</p>\n    \n  </div>\n  <!-- END Signature -->\n</body>\n\n</html>\n	t	2025-09-29 07:07:43.568676+00	2025-09-29 07:07:49.110927+00	1
89	[Development] Reminders from Bee-db	\N	<!doctype html>\n<html>\n\n<head>\n  <meta name="viewport" content="width=device-width" />\n  <meta http-equiv="Content-Type" content="text/html; charset=UTF-8" />\n\n  <title>\n    \nReminders\n\n  </title>\n  <style>\n    body {\n      font-family: Verdana, Geneva, Arial, sans-serif;\n    }\n\n    .descr {\n      font-style: italic;\n    }\n\n    .topic {\n      font-family: Monospace;\n      color: blue;\n    }\n\n    .payload {\n      color: #0b772f;\n    }\n\n    .bold {\n      font-weight: bold;\n    }\n\n    table.node-details {\n      border: 1px solid black;\n      border-collapse: collapse;\n    }\n\n    td.node-details {\n      border: 1px solid black;\n    }\n\n    .maillink {\n      background-color: #36f44f;\n      color: white;\n      padding: 14px 25px;\n      text-align: center;\n      text-decoration: none;\n      display: inline-block;\n      border-radius: 10px;\n      font-weight: bold;\n    }\n\n    .warning {\n      color: orange;\n    }\n\n    div.indent {\n      text-indent: 20px;\n    }\n\n    div.indent2 {\n      text-indent: 50px;\n    }\n\n    div.notice {\n      border: 2px solid black;\n      border-radius: 5px;\n      background-color: rgb(211, 211, 211);\n    }\n\n    /* -------------------------------------\n          HEADER, FOOTER, MAIN\n      ------------------------------------- */\n    .main {\n      background: #ffffff;\n      border-radius: 3px;\n      width: 100%;\n    }\n\n    .wrapper {\n      box-sizing: border-box;\n      padding: 20px;\n    }\n\n    .content-block {\n      padding-bottom: 10px;\n      padding-top: 10px;\n    }\n\n    .footer {\n      clear: both;\n      Margin-top: 10px;\n      text-align: center;\n      width: 100%;\n    }\n\n    .footer td,\n    .footer p,\n    .footer span,\n    .footer a {\n      color: #999999;\n      font-size: 12px;\n      text-align: center;\n    }\n\n    /* unsure why this is a good thing !   */\n    .apple-link a {\n      color: inherit !important;\n      font-family: inherit !important;\n      font-size: inherit !important;\n      font-weight: inherit !important;\n      line-height: inherit !important;\n      text-decoration: none !important;\n    }\n\n    table.footer {\n      border: 0;\n      cellpadding: 0;\n      cellspacing: 0;\n    }\n\n    .signature {\n      font-family: Verdana, Geneva, Arial, sans-serif;\n    }\n  </style>\n\n</head>\n\n<body>\n  \n<p>Hi Jim</p>\n\n<div id="apiaries" class="container-fluid">\n  <div class="indent bold">\n    Reminders that you have set up in the Bee database system.\n  </div>\n\n  \n\n    \n      \n        \n          <div class="indent">\n            <br>\n            <strong>Colony: <a href="http://bee-restore.west.net.nz:8005/beedb/colony/3">B1</a> in Apiary: <a href="http://bee-restore.west.net.nz:8005/beedb/apiary/2">Browns bay</a></strong>\n          </div>\n          <div class="indent">\n            <em>New reminders:</em>\n          </div>\n          \n            <div class="indent2">\n              <a href="http://bee-restore.west.net.nz:8005/beedb/diary/1">Reminder 1</a> - Due by: Thu 27 Feb 2025\n              Beek: jim, Subject: Reminder 1\n            </div>\n          \n          \n            \n                      \n        \n      \n    \n      \n        \n          <div class="indent">\n            <br>\n            <strong>Colony: <a href="http://bee-restore.west.net.nz:8005/beedb/colony/4">B2</a> in Apiary: <a href="http://bee-restore.west.net.nz:8005/beedb/apiary/2">Browns bay</a></strong>\n          </div>\n          <div class="indent">\n            <em>New reminders:</em>\n          </div>\n          \n            <div class="indent2">\n              <a href="http://bee-restore.west.net.nz:8005/beedb/diary/4">test reminder due</a> - Due by: Tue 23 Sep 2025\n              Beek: jim, Subject: test reminder due\n            </div>\n          \n          \n            \n              <div class="indent">\n                <em>Older reminders:</em>\n              </div>\n              \n                <div class="indent2">\n                  <a href="http://bee-restore.west.net.nz:8005/beedb/diary/3">test reminder past</a> - Due by: Sun 02 Feb 2025\n                  Beek: jim, Subject: test reminder past\n                </div>\n              \n            \n                      \n        \n      \n    \n  \n\n    \n      \n        \n      \n    \n      \n        \n      \n    \n  \n     \n\n</div>\n<br>\n<div class="notice">\n  This email is being sent to you as per your settings in the Bee database system. You can turn on and off these emails\n  <a href="http://bee-restore.west.net.nz:8005/beedb/inspectPrefDetail/">here</a>,\n  and adjust your inspections timing preferences <a href="http://bee-restore.west.net.nz:8005/beedb/commsPrefDetail/">here</a>.\n</div>\n\n\n  <!-- START Signature -->\n  <div class="signature">\n    <p>Cheers</p>\n\n    \n      <p>Your bee and beehive management system</p>\n    \n  </div>\n  <!-- END Signature -->\n</body>\n\n</html>\n	t	2025-09-29 07:08:51.193303+00	2025-09-29 07:08:56.739759+00	1
90	[Development] Reminders from Bee-db	\N	<!doctype html>\n<html>\n\n<head>\n  <meta name="viewport" content="width=device-width" />\n  <meta http-equiv="Content-Type" content="text/html; charset=UTF-8" />\n\n  <title>\n    \nReminders\n\n  </title>\n  <style>\n    body {\n      font-family: Verdana, Geneva, Arial, sans-serif;\n    }\n\n    .descr {\n      font-style: italic;\n    }\n\n    .topic {\n      font-family: Monospace;\n      color: blue;\n    }\n\n    .payload {\n      color: #0b772f;\n    }\n\n    .bold {\n      font-weight: bold;\n    }\n\n    table.node-details {\n      border: 1px solid black;\n      border-collapse: collapse;\n    }\n\n    td.node-details {\n      border: 1px solid black;\n    }\n\n    .maillink {\n      background-color: #36f44f;\n      color: white;\n      padding: 14px 25px;\n      text-align: center;\n      text-decoration: none;\n      display: inline-block;\n      border-radius: 10px;\n      font-weight: bold;\n    }\n\n    .warning {\n      color: orange;\n    }\n\n    div.indent {\n      text-indent: 20px;\n    }\n\n    div.indent2 {\n      text-indent: 50px;\n    }\n\n    div.notice {\n      border: 2px solid black;\n      border-radius: 5px;\n      background-color: rgb(211, 211, 211);\n    }\n\n    /* -------------------------------------\n          HEADER, FOOTER, MAIN\n      ------------------------------------- */\n    .main {\n      background: #ffffff;\n      border-radius: 3px;\n      width: 100%;\n    }\n\n    .wrapper {\n      box-sizing: border-box;\n      padding: 20px;\n    }\n\n    .content-block {\n      padding-bottom: 10px;\n      padding-top: 10px;\n    }\n\n    .footer {\n      clear: both;\n      Margin-top: 10px;\n      text-align: center;\n      width: 100%;\n    }\n\n    .footer td,\n    .footer p,\n    .footer span,\n    .footer a {\n      color: #999999;\n      font-size: 12px;\n      text-align: center;\n    }\n\n    /* unsure why this is a good thing !   */\n    .apple-link a {\n      color: inherit !important;\n      font-family: inherit !important;\n      font-size: inherit !important;\n      font-weight: inherit !important;\n      line-height: inherit !important;\n      text-decoration: none !important;\n    }\n\n    table.footer {\n      border: 0;\n      cellpadding: 0;\n      cellspacing: 0;\n    }\n\n    .signature {\n      font-family: Verdana, Geneva, Arial, sans-serif;\n    }\n  </style>\n\n</head>\n\n<body>\n  \n<p>Hi Jim</p>\n\n<div id="apiaries" class="container-fluid">\n  <div class="indent bold">\n    Reminders that you have set up in the Bee database system.\n  </div>\n\n  \n\n    \n      \n        \n          <div class="indent">\n            <br>\n            <strong>Colony: <a href="http://bee-restore.west.net.nz:8005/beedb/colony/3">B1</a> in Apiary: <a href="http://bee-restore.west.net.nz:8005/beedb/apiary/2">Browns bay</a></strong>\n          </div>\n          <div class="indent">\n            <em>New reminders:</em>\n          </div>\n          \n            <div class="indent2">\n              <a href="http://bee-restore.west.net.nz:8005/beedb/diary/1">Reminder 1</a> - Due by: Thu 27 Feb 2025\n              Beek: jim, Subject: Reminder 1\n            </div>\n          \n          \n            \n                      \n        \n      \n    \n      \n        \n          <div class="indent">\n            <br>\n            <strong>Colony: <a href="http://bee-restore.west.net.nz:8005/beedb/colony/4">B2</a> in Apiary: <a href="http://bee-restore.west.net.nz:8005/beedb/apiary/2">Browns bay</a></strong>\n          </div>\n          <div class="indent">\n            <em>New reminders:</em>\n          </div>\n          \n            <div class="indent2">\n              <a href="http://bee-restore.west.net.nz:8005/beedb/diary/4">test reminder due</a> - Due by: Tue 23 Sep 2025\n              Beek: jim, Subject: test reminder due\n            </div>\n          \n          \n            \n              <div class="indent">\n                <em>Older reminders:</em>\n              </div>\n              \n                <div class="indent2">\n                  <a href="http://bee-restore.west.net.nz:8005/beedb/diary/3">test reminder past</a> - Due by: Sun 02 Feb 2025\n                  Beek: jim, Subject: test reminder past\n                </div>\n              \n            \n                      \n        \n      \n    \n  \n\n    \n      \n        \n      \n    \n      \n        \n      \n    \n  \n     \n\n</div>\n<br>\n<div class="notice">\n  This email is being sent to you as per your settings in the Bee database system. You can turn on and off these emails\n  <a href="http://bee-restore.west.net.nz:8005/beedb/inspectPrefDetail/">here</a>,\n  and adjust your inspections timing preferences <a href="http://bee-restore.west.net.nz:8005/beedb/commsPrefDetail/">here</a>.\n</div>\n\n\n  <!-- START Signature -->\n  <div class="signature">\n    <p>Cheers</p>\n\n    \n      <p>Your bee and beehive management system</p>\n    \n  </div>\n  <!-- END Signature -->\n</body>\n\n</html>\n	t	2025-09-29 07:13:56.649563+00	2025-09-29 07:14:01.114449+00	1
91	[Development] Reminders from Bee-db	\N	<!doctype html>\n<html>\n\n<head>\n  <meta name="viewport" content="width=device-width" />\n  <meta http-equiv="Content-Type" content="text/html; charset=UTF-8" />\n\n  <title>\n    \nReminders\n\n  </title>\n  <style>\n    body {\n      font-family: Verdana, Geneva, Arial, sans-serif;\n    }\n\n    .descr {\n      font-style: italic;\n    }\n\n    .topic {\n      font-family: Monospace;\n      color: blue;\n    }\n\n    .payload {\n      color: #0b772f;\n    }\n\n    .bold {\n      font-weight: bold;\n    }\n\n    table.node-details {\n      border: 1px solid black;\n      border-collapse: collapse;\n    }\n\n    td.node-details {\n      border: 1px solid black;\n    }\n\n    .maillink {\n      background-color: #36f44f;\n      color: white;\n      padding: 14px 25px;\n      text-align: center;\n      text-decoration: none;\n      display: inline-block;\n      border-radius: 10px;\n      font-weight: bold;\n    }\n\n    .warning {\n      color: orange;\n    }\n\n    div.indent {\n      text-indent: 20px;\n    }\n\n    div.indent2 {\n      text-indent: 50px;\n    }\n\n    div.notice {\n      border: 2px solid black;\n      border-radius: 5px;\n      background-color: rgb(211, 211, 211);\n    }\n\n    /* -------------------------------------\n          HEADER, FOOTER, MAIN\n      ------------------------------------- */\n    .main {\n      background: #ffffff;\n      border-radius: 3px;\n      width: 100%;\n    }\n\n    .wrapper {\n      box-sizing: border-box;\n      padding: 20px;\n    }\n\n    .content-block {\n      padding-bottom: 10px;\n      padding-top: 10px;\n    }\n\n    .footer {\n      clear: both;\n      Margin-top: 10px;\n      text-align: center;\n      width: 100%;\n    }\n\n    .footer td,\n    .footer p,\n    .footer span,\n    .footer a {\n      color: #999999;\n      font-size: 12px;\n      text-align: center;\n    }\n\n    /* unsure why this is a good thing !   */\n    .apple-link a {\n      color: inherit !important;\n      font-family: inherit !important;\n      font-size: inherit !important;\n      font-weight: inherit !important;\n      line-height: inherit !important;\n      text-decoration: none !important;\n    }\n\n    table.footer {\n      border: 0;\n      cellpadding: 0;\n      cellspacing: 0;\n    }\n\n    .signature {\n      font-family: Verdana, Geneva, Arial, sans-serif;\n    }\n  </style>\n\n</head>\n\n<body>\n  \n<p>Hi Jim</p>\n\n<div id="apiaries" class="container-fluid">\n  <div class="indent bold">\n    Reminders that you have set up in the Bee database system.\n  </div>\n\n  \n\n    \n      \n        \n          <div class="indent">\n            <br>\n            <strong>Colony: <a href="http://bee-restore.west.net.nz:8005/beedb/colony/3">B1</a> in Apiary: <a href="http://bee-restore.west.net.nz:8005/beedb/apiary/2">Browns bay</a></strong>\n          </div>\n          <div class="indent">\n            <em>New reminders:</em>\n          </div>\n          \n            <div class="indent2">\n              <a href="http://bee-restore.west.net.nz:8005/beedb/diary/1">Reminder 1</a> - Due by: Thu 27 Feb 2025\n              Beek: jim, Subject: Reminder 1\n            </div>\n          \n          \n            \n                      \n        \n      \n    \n      \n        \n          <div class="indent">\n            <br>\n            <strong>Colony: <a href="http://bee-restore.west.net.nz:8005/beedb/colony/4">B2</a> in Apiary: <a href="http://bee-restore.west.net.nz:8005/beedb/apiary/2">Browns bay</a></strong>\n          </div>\n          <div class="indent">\n            <em>New reminders:</em>\n          </div>\n          \n            <div class="indent2">\n              <a href="http://bee-restore.west.net.nz:8005/beedb/diary/4">test reminder due</a> - Due by: Tue 23 Sep 2025\n              Beek: jim, Subject: test reminder due\n            </div>\n          \n          \n            \n              <div class="indent">\n                <em>Older reminders:</em>\n              </div>\n              \n                <div class="indent2">\n                  <a href="http://bee-restore.west.net.nz:8005/beedb/diary/3">test reminder past</a> - Due by: Sun 02 Feb 2025\n                  Beek: jim, Subject: test reminder past\n                </div>\n              \n            \n                      \n        \n      \n    \n  \n\n    \n      \n        \n      \n    \n      \n        \n      \n    \n  \n     \n\n</div>\n<br>\n<div class="notice">\n  This email is being sent to you as per your settings in the Bee database system. You can turn on and off these emails\n  <a href="http://bee-restore.west.net.nz:8005/beedb/inspectPrefDetail/">here</a>,\n  and adjust your inspections timing preferences <a href="http://bee-restore.west.net.nz:8005/beedb/commsPrefDetail/">here</a>.\n</div>\n\n\n  <!-- START Signature -->\n  <div class="signature">\n    <p>Cheers</p>\n\n    \n      <p>Your bee and beehive management system</p>\n    \n  </div>\n  <!-- END Signature -->\n</body>\n\n</html>\n	t	2025-09-29 07:15:37.069557+00	2025-09-29 07:15:41.46728+00	1
92	[Development] Reminders from Bee-db	\N	<!doctype html>\n<html>\n\n<head>\n  <meta name="viewport" content="width=device-width" />\n  <meta http-equiv="Content-Type" content="text/html; charset=UTF-8" />\n\n  <title>\n    \nReminders\n\n  </title>\n  <style>\n    body {\n      font-family: Verdana, Geneva, Arial, sans-serif;\n    }\n\n    .descr {\n      font-style: italic;\n    }\n\n    .topic {\n      font-family: Monospace;\n      color: blue;\n    }\n\n    .payload {\n      color: #0b772f;\n    }\n\n    .bold {\n      font-weight: bold;\n    }\n\n    table.node-details {\n      border: 1px solid black;\n      border-collapse: collapse;\n    }\n\n    td.node-details {\n      border: 1px solid black;\n    }\n\n    .maillink {\n      background-color: #36f44f;\n      color: white;\n      padding: 14px 25px;\n      text-align: center;\n      text-decoration: none;\n      display: inline-block;\n      border-radius: 10px;\n      font-weight: bold;\n    }\n\n    .warning {\n      color: orange;\n    }\n\n    div.indent {\n      text-indent: 20px;\n    }\n\n    div.indent2 {\n      text-indent: 50px;\n    }\n\n    div.notice {\n      border: 2px solid black;\n      border-radius: 5px;\n      background-color: rgb(211, 211, 211);\n    }\n\n    /* -------------------------------------\n          HEADER, FOOTER, MAIN\n      ------------------------------------- */\n    .main {\n      background: #ffffff;\n      border-radius: 3px;\n      width: 100%;\n    }\n\n    .wrapper {\n      box-sizing: border-box;\n      padding: 20px;\n    }\n\n    .content-block {\n      padding-bottom: 10px;\n      padding-top: 10px;\n    }\n\n    .footer {\n      clear: both;\n      Margin-top: 10px;\n      text-align: center;\n      width: 100%;\n    }\n\n    .footer td,\n    .footer p,\n    .footer span,\n    .footer a {\n      color: #999999;\n      font-size: 12px;\n      text-align: center;\n    }\n\n    /* unsure why this is a good thing !   */\n    .apple-link a {\n      color: inherit !important;\n      font-family: inherit !important;\n      font-size: inherit !important;\n      font-weight: inherit !important;\n      line-height: inherit !important;\n      text-decoration: none !important;\n    }\n\n    table.footer {\n      border: 0;\n      cellpadding: 0;\n      cellspacing: 0;\n    }\n\n    .signature {\n      font-family: Verdana, Geneva, Arial, sans-serif;\n    }\n  </style>\n\n</head>\n\n<body>\n  \n<p>Hi Jim</p>\n\n<div id="apiaries" class="container-fluid">\n  <div class="indent bold">\n    Reminders that you have set up in the Bee database system.\n  </div>\n\n  \n\n    \n      \n        \n      \n    \n      \n        \n          <div class="indent">\n            <br>\n            <strong>Colony: <a href="http://bee-restore.west.net.nz:8005/beedb/colony/4">B2</a> in Apiary: <a href="http://bee-restore.west.net.nz:8005/beedb/apiary/2">Browns bay</a></strong>\n          </div>\n          <div class="indent">\n            <em>New reminders:</em>\n          </div>\n          \n            <div class="indent2">\n              <a href="http://bee-restore.west.net.nz:8005/beedb/diary/2">test reminder - future</a> - Due by: Wed 01 Oct 2025\n              Beek: jim, Subject: test reminder - future\n            </div>\n          \n          \n            \n              <div class="indent">\n                <em>Older reminders:</em>\n              </div>\n              \n                <div class="indent2">\n                  <a href="http://bee-restore.west.net.nz:8005/beedb/diary/3">test reminder past</a> - Due by: Sun 02 Feb 2025\n                  Beek: jim, Subject: test reminder past\n                </div>\n              \n                <div class="indent2">\n                  <a href="http://bee-restore.west.net.nz:8005/beedb/diary/4">test reminder due</a> - Due by: Tue 23 Sep 2025\n                  Beek: jim, Subject: test reminder due\n                </div>\n              \n            \n                      \n        \n      \n    \n  \n\n    \n      \n        \n      \n    \n      \n        \n      \n    \n  \n     \n\n</div>\n<br>\n<div class="notice">\n  This email is being sent to you as per your settings in the Bee database system. You can turn on and off these emails\n  <a href="http://bee-restore.west.net.nz:8005/beedb/inspectPrefDetail/">here</a>,\n  and adjust your inspections timing preferences <a href="http://bee-restore.west.net.nz:8005/beedb/commsPrefDetail/">here</a>.\n</div>\n\n\n  <!-- START Signature -->\n  <div class="signature">\n    <p>Cheers</p>\n\n    \n      <p>Your bee and beehive management system</p>\n    \n  </div>\n  <!-- END Signature -->\n</body>\n\n</html>\n	t	2025-09-30 11:00:04.327098+00	2025-09-30 11:00:09.242088+00	1
93	[Development] Weekly summary from Bee-db	\N	<!doctype html>\n<html>\n\n<head>\n  <meta name="viewport" content="width=device-width" />\n  <meta http-equiv="Content-Type" content="text/html; charset=UTF-8" />\n\n  <title>\n    \nWeekly summary\n\n  </title>\n  <style>\n    body {\n      font-family: Verdana, Geneva, Arial, sans-serif;\n    }\n\n    .descr {\n      font-style: italic;\n    }\n\n    .topic {\n      font-family: Monospace;\n      color: blue;\n    }\n\n    .payload {\n      color: #0b772f;\n    }\n\n    .bold {\n      font-weight: bold;\n    }\n\n    table.node-details {\n      border: 1px solid black;\n      border-collapse: collapse;\n    }\n\n    td.node-details {\n      border: 1px solid black;\n    }\n\n    .maillink {\n      background-color: #36f44f;\n      color: white;\n      padding: 14px 25px;\n      text-align: center;\n      text-decoration: none;\n      display: inline-block;\n      border-radius: 10px;\n      font-weight: bold;\n    }\n\n    .warning {\n      color: orange;\n    }\n\n    div.indent {\n      text-indent: 20px;\n    }\n\n    div.indent2 {\n      text-indent: 50px;\n    }\n\n    div.notice {\n      border: 2px solid black;\n      border-radius: 5px;\n      background-color: rgb(211, 211, 211);\n    }\n\n    /* -------------------------------------\n          HEADER, FOOTER, MAIN\n      ------------------------------------- */\n    .main {\n      background: #ffffff;\n      border-radius: 3px;\n      width: 100%;\n    }\n\n    .wrapper {\n      box-sizing: border-box;\n      padding: 20px;\n    }\n\n    .content-block {\n      padding-bottom: 10px;\n      padding-top: 10px;\n    }\n\n    .footer {\n      clear: both;\n      Margin-top: 10px;\n      text-align: center;\n      width: 100%;\n    }\n\n    .footer td,\n    .footer p,\n    .footer span,\n    .footer a {\n      color: #999999;\n      font-size: 12px;\n      text-align: center;\n    }\n\n    /* unsure why this is a good thing !   */\n    .apple-link a {\n      color: inherit !important;\n      font-family: inherit !important;\n      font-size: inherit !important;\n      font-weight: inherit !important;\n      line-height: inherit !important;\n      text-decoration: none !important;\n    }\n\n    table.footer {\n      border: 0;\n      cellpadding: 0;\n      cellspacing: 0;\n    }\n\n    .signature {\n      font-family: Verdana, Geneva, Arial, sans-serif;\n    }\n  </style>\n\n</head>\n\n<body>\n  \n  <p>Hi Jim</p>\n\n<div id="apiaries" class="container-fluid">  \n  \n    <div>\n      \n        <div>\n          <h2>Apiary: <a href="http://bee-restore.west.net.nz:8005/beedb/apiary/2">Browns bay</a></h2>\n          \n            <div id="colony">\n              <b>Colony:</b> <a href="http://bee-restore.west.net.nz:8005/beedb/colony/3">B1</a> - dsc\n              \n                <div class="indent">\n                  Last inspection: <a href="http://bee-restore.west.net.nz:8005/beedb/inspection/2">Thu 20 Feb 2025</a>\n                </div>\n                <div class="indent2">Comment: Desct 1</div>\n                \n                  <div class="indent2 warning">You are overdue for an inspection. Your inspection preferences can be updated <a href="http://bee-restore.west.net.nz:8005/beedb/inspectPrefDetail/">here</a></div>\n                \n                \n              \n\n              \n                <div class="indent bold">\n                  Reminders\n                </div>\n                \n                  <div class="indent2">\n                    <a href="http://bee-restore.west.net.nz:8005/beedb/diary/1">Reminder 1</a> - Due by: Thu 27 Feb 2025\n                  </div>\n                \n              </div>\n              \n              \n            </div>\n            <br>\n          \n            <div id="colony">\n              <b>Colony:</b> <a href="http://bee-restore.west.net.nz:8005/beedb/colony/4">B2</a> - xc x\n              \n                <div class="indent">This colony has no inspection records</div>\n              \n\n              \n                <div class="indent bold">\n                  Reminders\n                </div>\n                \n                  <div class="indent2">\n                    <a href="http://bee-restore.west.net.nz:8005/beedb/diary/3">test reminder past</a> - Due by: Sun 02 Feb 2025\n                  </div>\n                \n                  <div class="indent2">\n                    <a href="http://bee-restore.west.net.nz:8005/beedb/diary/4">test reminder due</a> - Due by: Tue 23 Sep 2025\n                  </div>\n                \n                  <div class="indent2">\n                    <a href="http://bee-restore.west.net.nz:8005/beedb/diary/2">test reminder - future</a> - Due by: Wed 01 Oct 2025\n                  </div>\n                \n              </div>\n              \n              \n            </div>\n            <br>\n          \n          </div>\n        \n        <div>\n          <h2>Apiary: <a href="http://bee-restore.west.net.nz:8005/beedb/apiary/1">Glenfield</a></h2>\n          \n            <div id="colony">\n              <b>Colony:</b> <a href="http://bee-restore.west.net.nz:8005/beedb/colony/1">G1</a> - !st colony\n              \n                <div class="indent">This colony has no inspection records</div>\n              \n\n              \n              \n            </div>\n            <br>\n          \n            <div id="colony">\n              <b>Colony:</b> <a href="http://bee-restore.west.net.nz:8005/beedb/colony/2">G2</a> - sdc\n              \n                <div class="indent">This colony has no inspection records</div>\n              \n\n              \n              \n            </div>\n            <br>\n          \n          </div>\n        \n    </div>\n  \n</div>\n\n<div class="notice">\n  This email is being sent to you as per your settings in the Bee database system. You can turn on and off these emails <a href="http://bee-restore.west.net.nz:8005/beedb/inspectPrefDetail/">here</a>,\n  and adjust your inspections timing preferences <a href="http://bee-restore.west.net.nz:8005/beedb/commsPrefDetail/">here</a>.\n</div>\n\n\n  <!-- START Signature -->\n  <div class="signature">\n    <p>Cheers</p>\n\n    \n      <p>Your bee and beehive management system</p>\n    \n  </div>\n  <!-- END Signature -->\n</body>\n\n</html>\n	t	2025-10-01 16:00:08.818431+00	2025-10-01 16:00:14.425238+00	1
94	Weekly summary from Bee-db	\N	<!doctype html>\n<html>\n\n<head>\n  <meta name="viewport" content="width=device-width" />\n  <meta http-equiv="Content-Type" content="text/html; charset=UTF-8" />\n\n  <title>\n    \nWeekly summary\n\n  </title>\n  <style>\n    body {\n      font-family: Verdana, Geneva, Arial, sans-serif;\n    }\n\n    .descr {\n      font-style: italic;\n    }\n\n    .topic {\n      font-family: Monospace;\n      color: blue;\n    }\n\n    .payload {\n      color: #0b772f;\n    }\n\n    .bold {\n      font-weight: bold;\n    }\n\n    table.node-details {\n      border: 1px solid black;\n      border-collapse: collapse;\n    }\n\n    td.node-details {\n      border: 1px solid black;\n    }\n\n    .maillink {\n      background-color: #36f44f;\n      color: white;\n      padding: 14px 25px;\n      text-align: center;\n      text-decoration: none;\n      display: inline-block;\n      border-radius: 10px;\n      font-weight: bold;\n    }\n\n    .warning {\n      color: orange;\n    }\n\n    div.indent {\n      text-indent: 20px;\n    }\n\n    div.indent2 {\n      text-indent: 50px;\n    }\n\n    div.notice {\n      border: 2px solid black;\n      border-radius: 5px;\n      background-color: rgb(211, 211, 211);\n    }\n\n    /* -------------------------------------\n          HEADER, FOOTER, MAIN\n      ------------------------------------- */\n    .main {\n      background: #ffffff;\n      border-radius: 3px;\n      width: 100%;\n    }\n\n    .wrapper {\n      box-sizing: border-box;\n      padding: 20px;\n    }\n\n    .content-block {\n      padding-bottom: 10px;\n      padding-top: 10px;\n    }\n\n    .footer {\n      clear: both;\n      Margin-top: 10px;\n      text-align: center;\n      width: 100%;\n    }\n\n    .footer td,\n    .footer p,\n    .footer span,\n    .footer a {\n      color: #999999;\n      font-size: 12px;\n      text-align: center;\n    }\n\n    /* unsure why this is a good thing !   */\n    .apple-link a {\n      color: inherit !important;\n      font-family: inherit !important;\n      font-size: inherit !important;\n      font-weight: inherit !important;\n      line-height: inherit !important;\n      text-decoration: none !important;\n    }\n\n    table.footer {\n      border: 0;\n      cellpadding: 0;\n      cellspacing: 0;\n    }\n\n    .signature {\n      font-family: Verdana, Geneva, Arial, sans-serif;\n    }\n  </style>\n\n</head>\n\n<body>\n  \n  <p>Hi Jim</p>\n\n<div id="apiaries" class="container-fluid">  \n  \n    <div>\n      \n        <div>\n          <h2>Apiary: <a href="http://bee-restore.west.net.nz:8005/beedb/apiary/2">Browns bay</a></h2>\n          \n            <div id="colony">\n              <b>Colony:</b> <a href="http://bee-restore.west.net.nz:8005/beedb/colony/3">B1</a> - dsc\n              \n                <div class="indent">\n                  Last inspection: <a href="http://bee-restore.west.net.nz:8005/beedb/inspection/2">Thu 20 Feb 2025</a>\n                </div>\n                <div class="indent2">Comment: Desct 1</div>\n                \n                  <div class="indent2 warning">You are overdue for an inspection. Your inspection preferences can be updated <a href="http://bee-restore.west.net.nz:8005/beedb/inspectPrefDetail/">here</a></div>\n                \n                \n              \n\n              \n                <div class="indent bold">\n                  Reminders\n                </div>\n                \n                  <div class="indent2">\n                    <a href="http://bee-restore.west.net.nz:8005/beedb/diary/1">Reminder 1</a> - Due by: Thu 27 Feb 2025\n                  </div>\n                \n              </div>\n              \n              \n            </div>\n            <br>\n          \n            <div id="colony">\n              <b>Colony:</b> <a href="http://bee-restore.west.net.nz:8005/beedb/colony/4">B2</a> - xc x\n              \n                <div class="indent">This colony has no inspection records</div>\n              \n\n              \n                <div class="indent bold">\n                  Reminders\n                </div>\n                \n                  <div class="indent2">\n                    <a href="http://bee-restore.west.net.nz:8005/beedb/diary/3">test reminder past</a> - Due by: Sun 02 Feb 2025\n                  </div>\n                \n                  <div class="indent2">\n                    <a href="http://bee-restore.west.net.nz:8005/beedb/diary/4">test reminder due</a> - Due by: Tue 23 Sep 2025\n                  </div>\n                \n                  <div class="indent2">\n                    <a href="http://bee-restore.west.net.nz:8005/beedb/diary/2">test reminder - future</a> - Due by: Wed 01 Oct 2025\n                  </div>\n                \n              </div>\n              \n              \n            </div>\n            <br>\n          \n          </div>\n        \n        <div>\n          <h2>Apiary: <a href="http://bee-restore.west.net.nz:8005/beedb/apiary/1">Glenfield</a></h2>\n          \n            <div id="colony">\n              <b>Colony:</b> <a href="http://bee-restore.west.net.nz:8005/beedb/colony/1">G1</a> - !st colony\n              \n                <div class="indent">This colony has no inspection records</div>\n              \n\n              \n              \n            </div>\n            <br>\n          \n            <div id="colony">\n              <b>Colony:</b> <a href="http://bee-restore.west.net.nz:8005/beedb/colony/2">G2</a> - sdc\n              \n                <div class="indent">This colony has no inspection records</div>\n              \n\n              \n              \n            </div>\n            <br>\n          \n          </div>\n        \n    </div>\n  \n</div>\n\n<div class="notice">\n  This email is being sent to you as per your settings in the Bee database system. You can turn on and off these emails <a href="http://bee-restore.west.net.nz:8005/beedb/inspectPrefDetail/">here</a>,\n  and adjust your inspections timing preferences <a href="http://bee-restore.west.net.nz:8005/beedb/commsPrefDetail/">here</a>.\n</div>\n\n\n  <!-- START Signature -->\n  <div class="signature">\n    <p>Cheers</p>\n\n    \n      <p>Your bee and beehive management system</p>\n    \n  </div>\n  <!-- END Signature -->\n</body>\n\n</html>\n	t	2025-10-01 18:42:11.888068+00	2025-10-01 18:42:18.308987+00	1
95	Weekly summary from Bee-db	\N	<!doctype html>\n<html>\n\n<head>\n  <meta name="viewport" content="width=device-width" />\n  <meta http-equiv="Content-Type" content="text/html; charset=UTF-8" />\n\n  <title>\n    \nWeekly summary\n\n  </title>\n  <style>\n    body {\n      font-family: Verdana, Geneva, Arial, sans-serif;\n    }\n\n    .descr {\n      font-style: italic;\n    }\n\n    .topic {\n      font-family: Monospace;\n      color: blue;\n    }\n\n    .payload {\n      color: #0b772f;\n    }\n\n    .bold {\n      font-weight: bold;\n    }\n\n    table.node-details {\n      border: 1px solid black;\n      border-collapse: collapse;\n    }\n\n    td.node-details {\n      border: 1px solid black;\n    }\n\n    .maillink {\n      background-color: #36f44f;\n      color: white;\n      padding: 14px 25px;\n      text-align: center;\n      text-decoration: none;\n      display: inline-block;\n      border-radius: 10px;\n      font-weight: bold;\n    }\n\n    .warning {\n      color: orange;\n    }\n\n    div.indent {\n      text-indent: 20px;\n    }\n\n    div.indent2 {\n      text-indent: 50px;\n    }\n\n    div.notice {\n      border: 2px solid black;\n      border-radius: 5px;\n      background-color: rgb(211, 211, 211);\n    }\n\n    /* -------------------------------------\n          HEADER, FOOTER, MAIN\n      ------------------------------------- */\n    .main {\n      background: #ffffff;\n      border-radius: 3px;\n      width: 100%;\n    }\n\n    .wrapper {\n      box-sizing: border-box;\n      padding: 20px;\n    }\n\n    .content-block {\n      padding-bottom: 10px;\n      padding-top: 10px;\n    }\n\n    .footer {\n      clear: both;\n      Margin-top: 10px;\n      text-align: center;\n      width: 100%;\n    }\n\n    .footer td,\n    .footer p,\n    .footer span,\n    .footer a {\n      color: #999999;\n      font-size: 12px;\n      text-align: center;\n    }\n\n    /* unsure why this is a good thing !   */\n    .apple-link a {\n      color: inherit !important;\n      font-family: inherit !important;\n      font-size: inherit !important;\n      font-weight: inherit !important;\n      line-height: inherit !important;\n      text-decoration: none !important;\n    }\n\n    table.footer {\n      border: 0;\n      cellpadding: 0;\n      cellspacing: 0;\n    }\n\n    .signature {\n      font-family: Verdana, Geneva, Arial, sans-serif;\n    }\n  </style>\n\n</head>\n\n<body>\n  \n  <p>Hi Jim</p>\n\n<div id="apiaries" class="container-fluid">  \n  \n    <div>\n      \n        <div>\n          <h2>Apiary: <a href="http://bee-restore.west.net.nz:8005/beedb/apiary/2">Browns bay</a></h2>\n          \n            <div id="colony">\n              <b>Colony:</b> <a href="http://bee-restore.west.net.nz:8005/beedb/colony/3">B1</a> - dsc\n              \n                <div class="indent">\n                  Last inspection: <a href="http://bee-restore.west.net.nz:8005/beedb/inspection/2">Thu 20 Feb 2025</a>\n                </div>\n                <div class="indent2">Comment: Desct 1</div>\n                \n                  <div class="indent2 warning">You are overdue for an inspection. Your inspection preferences can be updated <a href="http://bee-restore.west.net.nz:8005/beedb/inspectPrefDetail/">here</a></div>\n                \n                \n              \n\n              \n                <div class="indent bold">\n                  Reminders\n                </div>\n                \n                  <div class="indent2">\n                    <a href="http://bee-restore.west.net.nz:8005/beedb/diary/1">Reminder 1</a> - Due by: Thu 27 Feb 2025\n                  </div>\n                \n              </div>\n              \n              \n            </div>\n            <br>\n          \n            <div id="colony">\n              <b>Colony:</b> <a href="http://bee-restore.west.net.nz:8005/beedb/colony/4">B2</a> - xc x\n              \n                <div class="indent">This colony has no inspection records</div>\n              \n\n              \n                <div class="indent bold">\n                  Reminders\n                </div>\n                \n                  <div class="indent2">\n                    <a href="http://bee-restore.west.net.nz:8005/beedb/diary/3">test reminder past</a> - Due by: Sun 02 Feb 2025\n                  </div>\n                \n                  <div class="indent2">\n                    <a href="http://bee-restore.west.net.nz:8005/beedb/diary/4">test reminder due</a> - Due by: Tue 23 Sep 2025\n                  </div>\n                \n                  <div class="indent2">\n                    <a href="http://bee-restore.west.net.nz:8005/beedb/diary/2">test reminder - future</a> - Due by: Wed 01 Oct 2025\n                  </div>\n                \n              </div>\n              \n              \n            </div>\n            <br>\n          \n          </div>\n        \n        <div>\n          <h2>Apiary: <a href="http://bee-restore.west.net.nz:8005/beedb/apiary/1">Glenfield</a></h2>\n          \n            <div id="colony">\n              <b>Colony:</b> <a href="http://bee-restore.west.net.nz:8005/beedb/colony/1">G1</a> - !st colony\n              \n                <div class="indent">This colony has no inspection records</div>\n              \n\n              \n              \n            </div>\n            <br>\n          \n            <div id="colony">\n              <b>Colony:</b> <a href="http://bee-restore.west.net.nz:8005/beedb/colony/2">G2</a> - sdc\n              \n                <div class="indent">This colony has no inspection records</div>\n              \n\n              \n              \n            </div>\n            <br>\n          \n          </div>\n        \n    </div>\n  \n</div>\n\n<div class="notice">\n  This email is being sent to you as per your settings in the Bee database system. You can turn on and off these emails <a href="http://bee-restore.west.net.nz:8005/beedb/inspectPrefDetail/">here</a>,\n  and adjust your inspections timing preferences <a href="http://bee-restore.west.net.nz:8005/beedb/commsPrefDetail/">here</a>.\n</div>\n\n\n  <!-- START Signature -->\n  <div class="signature">\n    <p>Cheers</p>\n\n    \n      <p>Your bee and beehive management system</p>\n    \n  </div>\n  <!-- END Signature -->\n</body>\n\n</html>\n	t	2025-10-01 18:43:36.164319+00	2025-10-01 18:43:42.06091+00	1
\.


--
-- Data for Name: beedb_picture; Type: TABLE DATA; Schema: public; Owner: postgres
--

COPY public.beedb_picture (id, title, img, "uploadDt", apiary_id, beek_id, colony_id, inspection_id) FROM stdin;
1	ere	images/3/3/5/Swim_Scapes_3_enhanced.jpg	2025-02-15 22:46:41.563103+00	3	3	5	\N
2	ewq	images/3/3/IMG_20250106_203049.jpg	2025-02-15 22:46:56.874218+00	3	3	\N	\N
\.


--
-- Data for Name: beedb_profile; Type: TABLE DATA; Schema: public; Owner: postgres
--

COPY public.beedb_profile (id, "phoneNumber", "bkRegistration", address, "inspectPeriodSummer", "inspectPeriodAutumn", "inspectPeriodWinter", "inspectPeriodSpring", "inspectHealthIndex", "inspectManualIndex", "inspectDiaryAdd", "commsWeeklySummary", "commsInspectionReminder", "commsLstWeeklyEmail", "lastApiary_id", user_id) FROM stdin;
2	\N	\N	\N	14	14	60	7	t	f	t	f	f	\N	\N	2
3	\N	\N	\N	14	14	60	7	t	f	t	f	f	\N	\N	3
1	\N	\N		14	14	60	7	t	f	t	t	f	\N	\N	1
\.


--
-- Data for Name: beedb_sizechoice; Type: TABLE DATA; Schema: public; Owner: postgres
--

COPY public.beedb_sizechoice (id, size, type, value, text) FROM stdin;
1	1	Number	0	Not Recorded
2	1	Number	1	Bees on all frames
3	1	Number	2	Good bee numbers
4	1	Number	3	A frame of bees
5	1	Number	4	Very few bees
6	1	Number	5	No bees
7	2	Number	0	Not Recorded
8	2	Number	1	Bees on all frames
9	2	Number	2	Good bee numbers
10	2	Number	3	A single frame of bees
11	2	Number	4	Very few bees
12	2	Number	5	No bees
13	3	Number	0	Not Recorded
14	3	Number	1	Bees on all frames
15	3	Number	2	Bees on most frames
16	3	Number	3	Only a few frames with bees
17	3	Number	4	Very few bees
18	3	Number	5	No bees
19	4	Number	0	Not Recorded
36	1	Weight	5	No stores
37	2	Weight	0	Not Recorded
38	2	Weight	1	Good honey stores
39	2	Weight	2	Some stored honey
40	2	Weight	3	Some nectar
41	2	Weight	4	A little nectar
42	2	Weight	5	No stores
43	3	Weight	0	Not Recorded
44	3	Weight	1	10 kg or more
45	3	Weight	2	5 - 10 kg
46	3	Weight	3	A few frames with honey/nectar
47	3	Weight	4	A bit of nectar/honey
48	3	Weight	5	No stores
49	4	Weight	0	Not Recorded
50	4	Weight	1	20kg or more honey
51	4	Weight	2	10 - 20 kg honey
52	4	Weight	3	Honey on 5 or more frames
53	4	Weight	4	Not much honey/nectar
54	4	Weight	5	No stores
55	5	Weight	0	Not Recorded
56	5	Weight	1	20kg or more honey
57	5	Weight	2	10 - 20 kg honey
58	5	Weight	3	Honey on 5 or more frames
59	5	Weight	4	Not much honey/nectar
60	5	Weight	5	No stores
20	4	Number	1	Most frames with bees
21	4	Number	2	8 or more frames with bees
22	4	Number	3	Only a few frames with bees
23	4	Number	4	Very few bees
24	4	Number	5	No bees
25	5	Number	0	Not Recorded
26	5	Number	1	20 or more frames with bees
27	5	Number	2	10 or more frames with bees
28	5	Number	3	Only a few frames with bees
29	5	Number	4	Very few bees
30	5	Number	5	No bees
31	1	Weight	0	Not Recorded
32	1	Weight	1	Good honey stores
33	1	Weight	2	Some stored honey
34	1	Weight	3	Some nectar
35	1	Weight	4	A little nectar
\.


--
-- Data for Name: beedb_transfer; Type: TABLE DATA; Schema: public; Owner: postgres
--

COPY public.beedb_transfer (id, dt, outgoing, transaction, beek_name, beek_registration, beek_email, beek_phone, beek_address, notes, cost, location, size, colony_id) FROM stdin;
1	2025-02-10 11:00:00+00	t	3	\N	\N	\N	\N	\N		\N	ewd	3	1
2	2025-02-11 04:41:02.410889+00	t	4	\N	\N	\N	\N	\N	sdc	\N	\N	3	2
3	2025-02-10 11:00:00+00	t	3	\N	\N	\N	\N	\N	sdc	\N	sdc	1	3
4	2025-02-10 11:00:00+00	t	2	xc	xc	jim@gmail.com	234	432432	234	0.00	\N	3	4
5	2025-02-10 11:00:00+00	t	3	\N	\N	\N	\N	\N		\N	ewfdew	1	5
6	2025-10-03 11:00:00+00	t	3	\N	\N	\N	\N	\N		\N	Back yard	1	6
\.


--
-- Data for Name: beedb_treatment; Type: TABLE DATA; Schema: public; Owner: postgres
--

COPY public.beedb_treatment (id, completed, "insertDt", "removeDt", "trNotes", "preVarroa", "postVarroa", colony_id, inspection_id, "treatmentType_id") FROM stdin;
\.


--
-- Data for Name: beedb_treatmenttype; Type: TABLE DATA; Schema: public; Owner: postgres
--

COPY public.beedb_treatmenttype (id, name, manufacturer, organic, "requireRemoval", "daysInHive", url, description, instructions) FROM stdin;
2	Formic Pro	NOD Apiaries	t	t	7	https://nodglobal.com/formic-pro/	Formic Pro is an all-natural product that targets varroa mites where they reproduce, under the brood cap. Manufactured in ready-to-use strips, it features an extended shelf-life of 24 months and no storage limitations.\r\n\r\nFormic Pro comes in easy-to-use strips that are specially formulated with the active ingredient: formic acid. This organic acid penetrates the brood cap, targeting mites where they reproduce and protecting baby bees when theyre most vulnerable. Designed to be used as part of an integrated pest management (IPM) program, follow the special precautions for safe and effective use.	Should only be applied when temperatures are between 10c - 29c.\r\n\r\nApply 2 strips per colony, regardless of number of brood chambers. Do not remove outer paper covering.\r\n\r\nEnsure Ventilation\r\nRemove entrance reducers. Bottom board entrances must be full width of the hive, minimum height  inch or 1.3 cm and fully open for entire treatment. If colonies have permanently reduced entrances, set back the upper brood box by  inch or 1.3 cm, or insert wedges between the bottom box and the bottom board to create a full entrance. Close off screen bottom boards for maximum efficacy. Do not consider open screen bottom boards as ventilation; bees draw in air through the bottom entrance to ventilate the colony.
1	Apistan	Vita	f	t	42	\N	Tau fluvalinate	Insert 2 strips per brood box (10 frames) for 6 weeks.\r\n\r\nDo not use which honey supers on
3	Oxalic Acid Vapourisation	NA	t	f	\N	\N	Oxalic acid is vapourised using heat and applied to the brood chambers. Can be used with honey supers on.	N.B> Ensure you are using good PPE, personal protective equipment.\r\nEither use a commercial vapouriser and blow the vapour into the hive. Or use a heating plate. I this method the oxalic acid (OA) is placed on the plate, the plate is inserted into the botton of the hive and then heated to vapourised the OA.
\.


--
-- Data for Name: django_admin_log; Type: TABLE DATA; Schema: public; Owner: postgres
--

COPY public.django_admin_log (id, action_time, object_id, object_repr, action_flag, change_message, content_type_id, user_id) FROM stdin;
1	2025-02-17 07:19:04.518272+00	3	commsWeeklyDay	2	[{"changed": {"fields": ["ConfigValue"]}}]	9	1
2	2025-02-17 07:22:45.546948+00	3	commsWeeklyDay	2	[{"changed": {"fields": ["ConfigValue"]}}]	9	1
3	2025-02-17 07:23:33.555727+00	2	lstWeekly	2	[{"changed": {"fields": ["ConfigValue"]}}]	9	1
4	2025-02-17 07:24:20.626463+00	1	jim	2	[{"changed": {"fields": ["Do you want weekly summary emails?"]}}]	16	1
5	2025-02-17 07:24:36.353914+00	3	commsWeeklyDay	2	[{"changed": {"fields": ["ConfigDt"]}}]	9	1
6	2025-02-17 07:29:14.50302+00	3	commsWeeklyDay	2	[]	9	1
7	2025-02-17 07:42:35.768843+00	28	Message object (28)	3		18	1
8	2025-02-17 07:42:35.768983+00	27	Message object (27)	3		18	1
9	2025-02-17 07:42:35.769071+00	26	Message object (26)	3		18	1
10	2025-02-17 07:42:35.769152+00	25	Message object (25)	3		18	1
11	2025-02-17 07:42:35.769231+00	24	Message object (24)	3		18	1
12	2025-02-17 07:42:35.769312+00	23	Message object (23)	3		18	1
13	2025-02-17 07:42:35.769386+00	22	Message object (22)	3		18	1
14	2025-02-17 07:42:35.769459+00	21	Message object (21)	3		18	1
15	2025-02-17 07:42:35.769531+00	20	Message object (20)	3		18	1
16	2025-02-17 07:42:35.769605+00	19	Message object (19)	3		18	1
17	2025-02-17 07:42:35.769677+00	18	Message object (18)	3		18	1
18	2025-02-17 07:42:35.769746+00	17	Message object (17)	3		18	1
19	2025-02-17 07:42:35.769815+00	16	Message object (16)	3		18	1
20	2025-02-17 07:42:35.769964+00	15	Message object (15)	3		18	1
21	2025-02-17 07:42:35.770038+00	14	Message object (14)	3		18	1
22	2025-02-17 07:42:35.770109+00	13	Message object (13)	3		18	1
23	2025-02-17 07:42:35.770179+00	12	Message object (12)	3		18	1
24	2025-02-17 07:42:35.770249+00	11	Message object (11)	3		18	1
25	2025-02-17 07:42:35.770319+00	10	Message object (10)	3		18	1
26	2025-02-17 07:42:35.77039+00	9	Message object (9)	3		18	1
27	2025-02-17 07:42:35.770922+00	8	Message object (8)	3		18	1
28	2025-02-17 07:42:35.771005+00	7	Message object (7)	3		18	1
29	2025-02-17 07:42:35.771079+00	6	Message object (6)	3		18	1
30	2025-02-17 07:42:35.771152+00	5	Message object (5)	3		18	1
31	2025-02-17 07:42:35.771224+00	4	Message object (4)	3		18	1
32	2025-02-17 07:42:35.771293+00	3	Message object (3)	3		18	1
33	2025-02-17 07:42:35.771362+00	2	Message object (2)	3		18	1
34	2025-02-17 07:42:35.771433+00	1	Message object (1)	3		18	1
35	2025-02-17 07:48:32.508273+00	34	Message object (34)	3		18	1
36	2025-02-17 07:48:32.508394+00	33	Message object (33)	3		18	1
37	2025-02-17 07:48:32.508476+00	32	Message object (32)	3		18	1
38	2025-02-17 07:48:32.508553+00	31	Message object (31)	3		18	1
39	2025-02-17 07:48:32.508626+00	30	Message object (30)	3		18	1
40	2025-02-17 07:48:32.508698+00	29	Message object (29)	3		18	1
41	2025-02-17 07:48:43.64993+00	35	Message object (35)	3		18	1
42	2025-02-17 07:48:50.429446+00	3	commsWeeklyDay	2	[]	9	1
43	2025-02-18 18:57:22.441054+00	40	Message object (40)	3		18	1
44	2025-02-18 18:57:22.441174+00	39	Message object (39)	3		18	1
45	2025-02-18 18:57:22.441259+00	38	Message object (38)	3		18	1
46	2025-02-18 18:57:22.441338+00	37	Message object (37)	3		18	1
47	2025-02-18 18:57:22.441412+00	36	Message object (36)	3		18	1
48	2025-02-18 19:12:23.468615+00	3	commsWeeklyDay	2	[{"changed": {"fields": ["ConfigDt", "ConfigValue"]}}]	9	1
49	2025-02-18 19:23:44.83097+00	3	commsWeeklyDay	2	[{"changed": {"fields": ["ConfigDt"]}}]	9	1
50	2025-02-18 19:35:12.488758+00	2	lstWeekly	2	[{"changed": {"fields": ["ConfigValue"]}}]	9	1
51	2025-02-18 19:36:11.050482+00	3	commsWeeklyDay	2	[{"changed": {"fields": ["ConfigDt"]}}]	9	1
52	2025-02-19 04:35:42.196151+00	3	commsWeeklyDay	2	[{"changed": {"fields": ["ConfigDt", "ConfigValue"]}}]	9	1
53	2025-02-21 17:38:08.809254+00	1	Apistan	1	[{"added": {}}]	13	1
54	2025-02-21 17:39:13.567309+00	2	Formic Pro	1	[{"added": {}}]	13	1
55	2025-02-21 17:39:21.115433+00	1	Apistan	2	[{"changed": {"fields": ["RequireRemoval"]}}]	13	1
56	2025-02-21 17:41:22.132953+00	3	Oxalic Acid Vapourisation	1	[{"added": {}}]	13	1
57	2025-02-21 17:41:43.474357+00	65	Message object (65)	3		18	1
58	2025-02-21 17:41:43.474491+00	64	Message object (64)	3		18	1
59	2025-02-21 17:41:43.474582+00	63	Message object (63)	3		18	1
60	2025-02-21 17:41:43.474667+00	62	Message object (62)	3		18	1
61	2025-02-21 17:41:43.474747+00	61	Message object (61)	3		18	1
62	2025-02-21 17:41:43.474824+00	60	Message object (60)	3		18	1
63	2025-02-21 17:41:43.474897+00	59	Message object (59)	3		18	1
64	2025-02-21 17:41:43.474972+00	58	Message object (58)	3		18	1
65	2025-02-21 17:41:43.475043+00	57	Message object (57)	3		18	1
66	2025-02-21 17:41:43.475114+00	56	Message object (56)	3		18	1
67	2025-02-21 17:41:43.475186+00	55	Message object (55)	3		18	1
68	2025-02-21 17:41:43.475258+00	54	Message object (54)	3		18	1
69	2025-02-21 17:41:43.475332+00	53	Message object (53)	3		18	1
70	2025-02-21 17:41:43.475403+00	52	Message object (52)	3		18	1
71	2025-02-21 17:41:43.475474+00	51	Message object (51)	3		18	1
72	2025-02-21 17:41:43.475547+00	50	Message object (50)	3		18	1
73	2025-02-21 17:41:43.475618+00	49	Message object (49)	3		18	1
74	2025-02-21 17:41:43.475693+00	48	Message object (48)	3		18	1
75	2025-02-21 17:41:43.475765+00	47	Message object (47)	3		18	1
76	2025-02-21 17:41:43.475838+00	46	Message object (46)	3		18	1
77	2025-02-21 17:41:43.475908+00	45	Message object (45)	3		18	1
78	2025-02-21 17:41:43.475979+00	44	Message object (44)	3		18	1
79	2025-02-21 17:41:43.476052+00	43	Message object (43)	3		18	1
80	2025-02-21 17:41:43.476123+00	42	Message object (42)	3		18	1
81	2025-02-21 17:41:43.476192+00	41	Message object (41)	3		18	1
82	2025-02-22 02:12:39.185749+00	3	Beek: jim, Subject: test reminder past	2	[{"changed": {"fields": ["NotifyDt"]}}]	11	1
83	2025-02-22 02:20:04.799965+00	3	roderick@west.net.nz	2	[{"changed": {"fields": ["First name", "Last name"]}}]	4	1
84	2025-02-22 02:21:02.749158+00	1	jim	2	[{"changed": {"fields": ["First name", "Last name"]}}]	4	1
85	2025-09-24 06:05:26.474496+00	2	Beek: jim, Subject: test reminder - future	2	[{"changed": {"fields": ["Date to complete by"]}}]	11	1
86	2025-09-24 06:05:52.678233+00	4	Beek: jim, Subject: test reminder due	2	[{"changed": {"fields": ["Date to complete by"]}}]	11	1
\.


--
-- Data for Name: django_content_type; Type: TABLE DATA; Schema: public; Owner: postgres
--

COPY public.django_content_type (id, app_label, model) FROM stdin;
1	admin	logentry
2	auth	permission
3	auth	group
4	auth	user
5	contenttypes	contenttype
6	sessions	session
7	beedb	apiary
8	beedb	colony
9	beedb	config
10	beedb	inspection
11	beedb	diary
12	beedb	sizechoice
13	beedb	treatmenttype
14	beedb	treatment
15	beedb	transfer
16	beedb	profile
17	beedb	picture
18	beedb	message
19	beedb	feedback
20	beedb	audit
21	authtoken	token
22	authtoken	tokenproxy
23	mailer	dontsendentry
24	mailer	message
25	mailer	messagelog
\.


--
-- Data for Name: django_migrations; Type: TABLE DATA; Schema: public; Owner: postgres
--

COPY public.django_migrations (id, app, name, applied) FROM stdin;
1	contenttypes	0001_initial	2025-02-11 04:33:38.796955+00
2	auth	0001_initial	2025-02-11 04:33:38.87975+00
3	admin	0001_initial	2025-02-11 04:33:38.912106+00
4	admin	0002_logentry_remove_auto_add	2025-02-11 04:33:38.930558+00
5	admin	0003_logentry_add_action_flag_choices	2025-02-11 04:33:38.948787+00
6	contenttypes	0002_remove_content_type_name	2025-02-11 04:33:38.979427+00
7	auth	0002_alter_permission_name_max_length	2025-02-11 04:33:39.007415+00
8	auth	0003_alter_user_email_max_length	2025-02-11 04:33:39.024292+00
9	auth	0004_alter_user_username_opts	2025-02-11 04:33:39.038584+00
10	auth	0005_alter_user_last_login_null	2025-02-11 04:33:39.053389+00
11	auth	0006_require_contenttypes_0002	2025-02-11 04:33:39.059636+00
12	auth	0007_alter_validators_add_error_messages	2025-02-11 04:33:39.078971+00
13	auth	0008_alter_user_username_max_length	2025-02-11 04:33:39.09906+00
14	auth	0009_alter_user_last_name_max_length	2025-02-11 04:33:39.116858+00
15	auth	0010_alter_group_name_max_length	2025-02-11 04:33:39.13469+00
16	auth	0011_update_proxy_permissions	2025-02-11 04:33:39.157179+00
17	auth	0012_alter_user_first_name_max_length	2025-02-11 04:33:39.173249+00
18	authtoken	0001_initial	2025-02-11 04:33:39.197941+00
19	authtoken	0002_auto_20160226_1747	2025-02-11 04:33:39.246709+00
20	authtoken	0003_tokenproxy	2025-02-11 04:33:39.252216+00
21	authtoken	0004_alter_tokenproxy_options	2025-02-11 04:33:39.263395+00
22	beedb	0001_initial	2025-02-11 04:33:39.658228+00
23	mailer	0001_initial	2025-02-11 04:33:39.689467+00
24	mailer	0002_auto_20150720_1433	2025-02-11 04:33:39.698168+00
25	mailer	0003_messagelog_message_id	2025-02-11 04:33:39.707526+00
26	mailer	0004_auto_20190920_1512	2025-02-11 04:33:39.750469+00
27	mailer	0005_id_bigautofield	2025-02-11 04:33:39.799099+00
28	mailer	0006_message_retry_count	2025-02-11 04:33:39.810099+00
29	mailer	0007_alter_messagelog_message_data	2025-02-11 04:33:39.821958+00
30	sessions	0001_initial	2025-02-11 04:33:39.83872+00
31	beedb	0002_alter_diary_options_alter_inspection_options_and_more	2025-02-15 02:39:20.413445+00
32	beedb	0003_alter_diary_duedt	2025-02-19 00:58:57.398284+00
33	beedb	0004_alter_diary_duedt	2025-10-02 02:50:05.213598+00
\.


--
-- Data for Name: django_session; Type: TABLE DATA; Schema: public; Owner: postgres
--

COPY public.django_session (session_key, session_data, expire_date) FROM stdin;
n5pvk3slk5yxljyj7u458u6lqb2dh6ju	.eJxVjDsOwjAQBe_iGln2ev2jpOcM1vqHA8iR4qRC3B0ipYD2zcx7sUDb2sI2yhKmzM5MstPvFik9St9BvlO_zTzNfV2myHeFH3Tw65zL83K4fweNRvvWxgtTKzmrEapWOSEaCQKKjZiiEsoBYiIpAJ2q1loUWnhjtdbgQRX2_gCyWjX0:1tjv8M:zWjInWCfvL4oZxDfeLLW4cosRas6eDWcJWM1h5HkBlk	2025-03-03 07:01:38.126481+00
uvbcwtopwzzii21xwm8z6roq6opy94fl	.eJxVjEEOwiAQRe_C2hBmhtLi0n3PQBgYbNWUpLQr491Nky50-997_61C3Lcp7E3WMGd1VaAuvxvH9JTlAPkRl3vVqS7bOrM-FH3Spsea5XU73b-DKbbpqAEB2VMSLH0iQjGdB18i0ZAcCjDn3jkRzNlYHHpyxlrwQKV0jkV9vtUuN2s:1v4na0:m-7xJkDXjVbVEZ4TVVJozWdry-QPRDfM1DJX7JVTl8k	2025-10-17 21:44:44.034707+00
\.


--
-- Data for Name: mailer_dontsendentry; Type: TABLE DATA; Schema: public; Owner: postgres
--

COPY public.mailer_dontsendentry (id, to_address, when_added) FROM stdin;
\.


--
-- Data for Name: mailer_message; Type: TABLE DATA; Schema: public; Owner: postgres
--

COPY public.mailer_message (id, message_data, when_added, priority, retry_count) FROM stdin;
\.


--
-- Data for Name: mailer_messagelog; Type: TABLE DATA; Schema: public; Owner: postgres
--

COPY public.mailer_messagelog (id, message_data, when_added, priority, when_attempted, result, log_message, message_id) FROM stdin;
\.


--
-- Name: auth_group_id_seq; Type: SEQUENCE SET; Schema: public; Owner: postgres
--

SELECT pg_catalog.setval('public.auth_group_id_seq', 1, false);


--
-- Name: auth_group_permissions_id_seq; Type: SEQUENCE SET; Schema: public; Owner: postgres
--

SELECT pg_catalog.setval('public.auth_group_permissions_id_seq', 1, false);


--
-- Name: auth_permission_id_seq; Type: SEQUENCE SET; Schema: public; Owner: postgres
--

SELECT pg_catalog.setval('public.auth_permission_id_seq', 100, true);


--
-- Name: auth_user_groups_id_seq; Type: SEQUENCE SET; Schema: public; Owner: postgres
--

SELECT pg_catalog.setval('public.auth_user_groups_id_seq', 1, false);


--
-- Name: auth_user_id_seq; Type: SEQUENCE SET; Schema: public; Owner: postgres
--

SELECT pg_catalog.setval('public.auth_user_id_seq', 3, true);


--
-- Name: auth_user_user_permissions_id_seq; Type: SEQUENCE SET; Schema: public; Owner: postgres
--

SELECT pg_catalog.setval('public.auth_user_user_permissions_id_seq', 1, false);


--
-- Name: beedb_apiary_id_seq; Type: SEQUENCE SET; Schema: public; Owner: postgres
--

SELECT pg_catalog.setval('public.beedb_apiary_id_seq', 3, true);


--
-- Name: beedb_audit_id_seq; Type: SEQUENCE SET; Schema: public; Owner: postgres
--

SELECT pg_catalog.setval('public.beedb_audit_id_seq', 7, true);


--
-- Name: beedb_colony_id_seq; Type: SEQUENCE SET; Schema: public; Owner: postgres
--

SELECT pg_catalog.setval('public.beedb_colony_id_seq', 6, true);


--
-- Name: beedb_config_id_seq; Type: SEQUENCE SET; Schema: public; Owner: postgres
--

SELECT pg_catalog.setval('public.beedb_config_id_seq', 3, true);


--
-- Name: beedb_diary_id_seq; Type: SEQUENCE SET; Schema: public; Owner: postgres
--

SELECT pg_catalog.setval('public.beedb_diary_id_seq', 4, true);


--
-- Name: beedb_feedback_id_seq; Type: SEQUENCE SET; Schema: public; Owner: postgres
--

SELECT pg_catalog.setval('public.beedb_feedback_id_seq', 1, false);


--
-- Name: beedb_inspection_id_seq; Type: SEQUENCE SET; Schema: public; Owner: postgres
--

SELECT pg_catalog.setval('public.beedb_inspection_id_seq', 2, true);


--
-- Name: beedb_message_id_seq; Type: SEQUENCE SET; Schema: public; Owner: postgres
--

SELECT pg_catalog.setval('public.beedb_message_id_seq', 95, true);


--
-- Name: beedb_picture_id_seq; Type: SEQUENCE SET; Schema: public; Owner: postgres
--

SELECT pg_catalog.setval('public.beedb_picture_id_seq', 2, true);


--
-- Name: beedb_profile_id_seq; Type: SEQUENCE SET; Schema: public; Owner: postgres
--

SELECT pg_catalog.setval('public.beedb_profile_id_seq', 3, true);


--
-- Name: beedb_sizechoice_id_seq; Type: SEQUENCE SET; Schema: public; Owner: postgres
--

SELECT pg_catalog.setval('public.beedb_sizechoice_id_seq', 60, true);


--
-- Name: beedb_transfer_id_seq; Type: SEQUENCE SET; Schema: public; Owner: postgres
--

SELECT pg_catalog.setval('public.beedb_transfer_id_seq', 6, true);


--
-- Name: beedb_treatment_id_seq; Type: SEQUENCE SET; Schema: public; Owner: postgres
--

SELECT pg_catalog.setval('public.beedb_treatment_id_seq', 1, false);


--
-- Name: beedb_treatmenttype_id_seq; Type: SEQUENCE SET; Schema: public; Owner: postgres
--

SELECT pg_catalog.setval('public.beedb_treatmenttype_id_seq', 3, true);


--
-- Name: django_admin_log_id_seq; Type: SEQUENCE SET; Schema: public; Owner: postgres
--

SELECT pg_catalog.setval('public.django_admin_log_id_seq', 86, true);


--
-- Name: django_content_type_id_seq; Type: SEQUENCE SET; Schema: public; Owner: postgres
--

SELECT pg_catalog.setval('public.django_content_type_id_seq', 25, true);


--
-- Name: django_migrations_id_seq; Type: SEQUENCE SET; Schema: public; Owner: postgres
--

SELECT pg_catalog.setval('public.django_migrations_id_seq', 33, true);


--
-- Name: mailer_dontsendentry_id_seq; Type: SEQUENCE SET; Schema: public; Owner: postgres
--

SELECT pg_catalog.setval('public.mailer_dontsendentry_id_seq', 1, false);


--
-- Name: mailer_message_id_seq; Type: SEQUENCE SET; Schema: public; Owner: postgres
--

SELECT pg_catalog.setval('public.mailer_message_id_seq', 1, false);


--
-- Name: mailer_messagelog_id_seq; Type: SEQUENCE SET; Schema: public; Owner: postgres
--

SELECT pg_catalog.setval('public.mailer_messagelog_id_seq', 1, false);


--
-- Name: auth_group auth_group_name_key; Type: CONSTRAINT; Schema: public; Owner: postgres
--

ALTER TABLE ONLY public.auth_group
    ADD CONSTRAINT auth_group_name_key UNIQUE (name);


--
-- Name: auth_group_permissions auth_group_permissions_group_id_permission_id_0cd325b0_uniq; Type: CONSTRAINT; Schema: public; Owner: postgres
--

ALTER TABLE ONLY public.auth_group_permissions
    ADD CONSTRAINT auth_group_permissions_group_id_permission_id_0cd325b0_uniq UNIQUE (group_id, permission_id);


--
-- Name: auth_group_permissions auth_group_permissions_pkey; Type: CONSTRAINT; Schema: public; Owner: postgres
--

ALTER TABLE ONLY public.auth_group_permissions
    ADD CONSTRAINT auth_group_permissions_pkey PRIMARY KEY (id);


--
-- Name: auth_group auth_group_pkey; Type: CONSTRAINT; Schema: public; Owner: postgres
--

ALTER TABLE ONLY public.auth_group
    ADD CONSTRAINT auth_group_pkey PRIMARY KEY (id);


--
-- Name: auth_permission auth_permission_content_type_id_codename_01ab375a_uniq; Type: CONSTRAINT; Schema: public; Owner: postgres
--

ALTER TABLE ONLY public.auth_permission
    ADD CONSTRAINT auth_permission_content_type_id_codename_01ab375a_uniq UNIQUE (content_type_id, codename);


--
-- Name: auth_permission auth_permission_pkey; Type: CONSTRAINT; Schema: public; Owner: postgres
--

ALTER TABLE ONLY public.auth_permission
    ADD CONSTRAINT auth_permission_pkey PRIMARY KEY (id);


--
-- Name: auth_user_groups auth_user_groups_pkey; Type: CONSTRAINT; Schema: public; Owner: postgres
--

ALTER TABLE ONLY public.auth_user_groups
    ADD CONSTRAINT auth_user_groups_pkey PRIMARY KEY (id);


--
-- Name: auth_user_groups auth_user_groups_user_id_group_id_94350c0c_uniq; Type: CONSTRAINT; Schema: public; Owner: postgres
--

ALTER TABLE ONLY public.auth_user_groups
    ADD CONSTRAINT auth_user_groups_user_id_group_id_94350c0c_uniq UNIQUE (user_id, group_id);


--
-- Name: auth_user auth_user_pkey; Type: CONSTRAINT; Schema: public; Owner: postgres
--

ALTER TABLE ONLY public.auth_user
    ADD CONSTRAINT auth_user_pkey PRIMARY KEY (id);


--
-- Name: auth_user_user_permissions auth_user_user_permissions_pkey; Type: CONSTRAINT; Schema: public; Owner: postgres
--

ALTER TABLE ONLY public.auth_user_user_permissions
    ADD CONSTRAINT auth_user_user_permissions_pkey PRIMARY KEY (id);


--
-- Name: auth_user_user_permissions auth_user_user_permissions_user_id_permission_id_14a6b632_uniq; Type: CONSTRAINT; Schema: public; Owner: postgres
--

ALTER TABLE ONLY public.auth_user_user_permissions
    ADD CONSTRAINT auth_user_user_permissions_user_id_permission_id_14a6b632_uniq UNIQUE (user_id, permission_id);


--
-- Name: auth_user auth_user_username_key; Type: CONSTRAINT; Schema: public; Owner: postgres
--

ALTER TABLE ONLY public.auth_user
    ADD CONSTRAINT auth_user_username_key UNIQUE (username);


--
-- Name: authtoken_token authtoken_token_pkey; Type: CONSTRAINT; Schema: public; Owner: postgres
--

ALTER TABLE ONLY public.authtoken_token
    ADD CONSTRAINT authtoken_token_pkey PRIMARY KEY (key);


--
-- Name: authtoken_token authtoken_token_user_id_key; Type: CONSTRAINT; Schema: public; Owner: postgres
--

ALTER TABLE ONLY public.authtoken_token
    ADD CONSTRAINT authtoken_token_user_id_key UNIQUE (user_id);


--
-- Name: beedb_apiary beedb_apiary_pkey; Type: CONSTRAINT; Schema: public; Owner: postgres
--

ALTER TABLE ONLY public.beedb_apiary
    ADD CONSTRAINT beedb_apiary_pkey PRIMARY KEY (id);


--
-- Name: beedb_audit beedb_audit_pkey; Type: CONSTRAINT; Schema: public; Owner: postgres
--

ALTER TABLE ONLY public.beedb_audit
    ADD CONSTRAINT beedb_audit_pkey PRIMARY KEY (id);


--
-- Name: beedb_colony beedb_colony_pkey; Type: CONSTRAINT; Schema: public; Owner: postgres
--

ALTER TABLE ONLY public.beedb_colony
    ADD CONSTRAINT beedb_colony_pkey PRIMARY KEY (id);


--
-- Name: beedb_config beedb_config_pkey; Type: CONSTRAINT; Schema: public; Owner: postgres
--

ALTER TABLE ONLY public.beedb_config
    ADD CONSTRAINT beedb_config_pkey PRIMARY KEY (id);


--
-- Name: beedb_diary beedb_diary_pkey; Type: CONSTRAINT; Schema: public; Owner: postgres
--

ALTER TABLE ONLY public.beedb_diary
    ADD CONSTRAINT beedb_diary_pkey PRIMARY KEY (id);


--
-- Name: beedb_feedback beedb_feedback_pkey; Type: CONSTRAINT; Schema: public; Owner: postgres
--

ALTER TABLE ONLY public.beedb_feedback
    ADD CONSTRAINT beedb_feedback_pkey PRIMARY KEY (id);


--
-- Name: beedb_inspection beedb_inspection_pkey; Type: CONSTRAINT; Schema: public; Owner: postgres
--

ALTER TABLE ONLY public.beedb_inspection
    ADD CONSTRAINT beedb_inspection_pkey PRIMARY KEY (id);


--
-- Name: beedb_message beedb_message_pkey; Type: CONSTRAINT; Schema: public; Owner: postgres
--

ALTER TABLE ONLY public.beedb_message
    ADD CONSTRAINT beedb_message_pkey PRIMARY KEY (id);


--
-- Name: beedb_picture beedb_picture_pkey; Type: CONSTRAINT; Schema: public; Owner: postgres
--

ALTER TABLE ONLY public.beedb_picture
    ADD CONSTRAINT beedb_picture_pkey PRIMARY KEY (id);


--
-- Name: beedb_profile beedb_profile_pkey; Type: CONSTRAINT; Schema: public; Owner: postgres
--

ALTER TABLE ONLY public.beedb_profile
    ADD CONSTRAINT beedb_profile_pkey PRIMARY KEY (id);


--
-- Name: beedb_profile beedb_profile_user_id_key; Type: CONSTRAINT; Schema: public; Owner: postgres
--

ALTER TABLE ONLY public.beedb_profile
    ADD CONSTRAINT beedb_profile_user_id_key UNIQUE (user_id);


--
-- Name: beedb_sizechoice beedb_sizechoice_pkey; Type: CONSTRAINT; Schema: public; Owner: postgres
--

ALTER TABLE ONLY public.beedb_sizechoice
    ADD CONSTRAINT beedb_sizechoice_pkey PRIMARY KEY (id);


--
-- Name: beedb_transfer beedb_transfer_pkey; Type: CONSTRAINT; Schema: public; Owner: postgres
--

ALTER TABLE ONLY public.beedb_transfer
    ADD CONSTRAINT beedb_transfer_pkey PRIMARY KEY (id);


--
-- Name: beedb_treatment beedb_treatment_pkey; Type: CONSTRAINT; Schema: public; Owner: postgres
--

ALTER TABLE ONLY public.beedb_treatment
    ADD CONSTRAINT beedb_treatment_pkey PRIMARY KEY (id);


--
-- Name: beedb_treatmenttype beedb_treatmenttype_pkey; Type: CONSTRAINT; Schema: public; Owner: postgres
--

ALTER TABLE ONLY public.beedb_treatmenttype
    ADD CONSTRAINT beedb_treatmenttype_pkey PRIMARY KEY (id);


--
-- Name: django_admin_log django_admin_log_pkey; Type: CONSTRAINT; Schema: public; Owner: postgres
--

ALTER TABLE ONLY public.django_admin_log
    ADD CONSTRAINT django_admin_log_pkey PRIMARY KEY (id);


--
-- Name: django_content_type django_content_type_app_label_model_76bd3d3b_uniq; Type: CONSTRAINT; Schema: public; Owner: postgres
--

ALTER TABLE ONLY public.django_content_type
    ADD CONSTRAINT django_content_type_app_label_model_76bd3d3b_uniq UNIQUE (app_label, model);


--
-- Name: django_content_type django_content_type_pkey; Type: CONSTRAINT; Schema: public; Owner: postgres
--

ALTER TABLE ONLY public.django_content_type
    ADD CONSTRAINT django_content_type_pkey PRIMARY KEY (id);


--
-- Name: django_migrations django_migrations_pkey; Type: CONSTRAINT; Schema: public; Owner: postgres
--

ALTER TABLE ONLY public.django_migrations
    ADD CONSTRAINT django_migrations_pkey PRIMARY KEY (id);


--
-- Name: django_session django_session_pkey; Type: CONSTRAINT; Schema: public; Owner: postgres
--

ALTER TABLE ONLY public.django_session
    ADD CONSTRAINT django_session_pkey PRIMARY KEY (session_key);


--
-- Name: mailer_dontsendentry mailer_dontsendentry_pkey; Type: CONSTRAINT; Schema: public; Owner: postgres
--

ALTER TABLE ONLY public.mailer_dontsendentry
    ADD CONSTRAINT mailer_dontsendentry_pkey PRIMARY KEY (id);


--
-- Name: mailer_message mailer_message_pkey; Type: CONSTRAINT; Schema: public; Owner: postgres
--

ALTER TABLE ONLY public.mailer_message
    ADD CONSTRAINT mailer_message_pkey PRIMARY KEY (id);


--
-- Name: mailer_messagelog mailer_messagelog_pkey; Type: CONSTRAINT; Schema: public; Owner: postgres
--

ALTER TABLE ONLY public.mailer_messagelog
    ADD CONSTRAINT mailer_messagelog_pkey PRIMARY KEY (id);


--
-- Name: auth_group_name_a6ea08ec_like; Type: INDEX; Schema: public; Owner: postgres
--

CREATE INDEX auth_group_name_a6ea08ec_like ON public.auth_group USING btree (name varchar_pattern_ops);


--
-- Name: auth_group_permissions_group_id_b120cbf9; Type: INDEX; Schema: public; Owner: postgres
--

CREATE INDEX auth_group_permissions_group_id_b120cbf9 ON public.auth_group_permissions USING btree (group_id);


--
-- Name: auth_group_permissions_permission_id_84c5c92e; Type: INDEX; Schema: public; Owner: postgres
--

CREATE INDEX auth_group_permissions_permission_id_84c5c92e ON public.auth_group_permissions USING btree (permission_id);


--
-- Name: auth_permission_content_type_id_2f476e4b; Type: INDEX; Schema: public; Owner: postgres
--

CREATE INDEX auth_permission_content_type_id_2f476e4b ON public.auth_permission USING btree (content_type_id);


--
-- Name: auth_user_groups_group_id_97559544; Type: INDEX; Schema: public; Owner: postgres
--

CREATE INDEX auth_user_groups_group_id_97559544 ON public.auth_user_groups USING btree (group_id);


--
-- Name: auth_user_groups_user_id_6a12ed8b; Type: INDEX; Schema: public; Owner: postgres
--

CREATE INDEX auth_user_groups_user_id_6a12ed8b ON public.auth_user_groups USING btree (user_id);


--
-- Name: auth_user_user_permissions_permission_id_1fbb5f2c; Type: INDEX; Schema: public; Owner: postgres
--

CREATE INDEX auth_user_user_permissions_permission_id_1fbb5f2c ON public.auth_user_user_permissions USING btree (permission_id);


--
-- Name: auth_user_user_permissions_user_id_a95ead1b; Type: INDEX; Schema: public; Owner: postgres
--

CREATE INDEX auth_user_user_permissions_user_id_a95ead1b ON public.auth_user_user_permissions USING btree (user_id);


--
-- Name: auth_user_username_6821ab7c_like; Type: INDEX; Schema: public; Owner: postgres
--

CREATE INDEX auth_user_username_6821ab7c_like ON public.auth_user USING btree (username varchar_pattern_ops);


--
-- Name: authtoken_token_key_10f0b77e_like; Type: INDEX; Schema: public; Owner: postgres
--

CREATE INDEX authtoken_token_key_10f0b77e_like ON public.authtoken_token USING btree (key varchar_pattern_ops);


--
-- Name: beedb_apiary_beek_id_9f7049de; Type: INDEX; Schema: public; Owner: postgres
--

CREATE INDEX beedb_apiary_beek_id_9f7049de ON public.beedb_apiary USING btree (beek_id);


--
-- Name: beedb_audit_apiary_id_b1d1cb78; Type: INDEX; Schema: public; Owner: postgres
--

CREATE INDEX beedb_audit_apiary_id_b1d1cb78 ON public.beedb_audit USING btree (apiary_id);


--
-- Name: beedb_audit_beek_id_92e0862e; Type: INDEX; Schema: public; Owner: postgres
--

CREATE INDEX beedb_audit_beek_id_92e0862e ON public.beedb_audit USING btree (beek_id);


--
-- Name: beedb_audit_colony1_id_8e8399e6; Type: INDEX; Schema: public; Owner: postgres
--

CREATE INDEX beedb_audit_colony1_id_8e8399e6 ON public.beedb_audit USING btree (colony1_id);


--
-- Name: beedb_audit_colony_id_ace41e39; Type: INDEX; Schema: public; Owner: postgres
--

CREATE INDEX beedb_audit_colony_id_ace41e39 ON public.beedb_audit USING btree (colony_id);


--
-- Name: beedb_audit_transfer_id_2ecc4280; Type: INDEX; Schema: public; Owner: postgres
--

CREATE INDEX beedb_audit_transfer_id_2ecc4280 ON public.beedb_audit USING btree (transfer_id);


--
-- Name: beedb_colony_apiary_id_0cc6317b; Type: INDEX; Schema: public; Owner: postgres
--

CREATE INDEX beedb_colony_apiary_id_0cc6317b ON public.beedb_colony USING btree (apiary_id);


--
-- Name: beedb_diary_apiary_id_3a7f132a; Type: INDEX; Schema: public; Owner: postgres
--

CREATE INDEX beedb_diary_apiary_id_3a7f132a ON public.beedb_diary USING btree (apiary_id);


--
-- Name: beedb_diary_beek_id_e186d877; Type: INDEX; Schema: public; Owner: postgres
--

CREATE INDEX beedb_diary_beek_id_e186d877 ON public.beedb_diary USING btree (beek_id);


--
-- Name: beedb_diary_colony_id_56075bce; Type: INDEX; Schema: public; Owner: postgres
--

CREATE INDEX beedb_diary_colony_id_56075bce ON public.beedb_diary USING btree (colony_id);


--
-- Name: beedb_feedback_beek_id_1005502e; Type: INDEX; Schema: public; Owner: postgres
--

CREATE INDEX beedb_feedback_beek_id_1005502e ON public.beedb_feedback USING btree (beek_id);


--
-- Name: beedb_inspection_colony_id_b67f553a; Type: INDEX; Schema: public; Owner: postgres
--

CREATE INDEX beedb_inspection_colony_id_b67f553a ON public.beedb_inspection USING btree (colony_id);


--
-- Name: beedb_message_beek_id_033feaf4; Type: INDEX; Schema: public; Owner: postgres
--

CREATE INDEX beedb_message_beek_id_033feaf4 ON public.beedb_message USING btree (beek_id);


--
-- Name: beedb_picture_apiary_id_f46f94a2; Type: INDEX; Schema: public; Owner: postgres
--

CREATE INDEX beedb_picture_apiary_id_f46f94a2 ON public.beedb_picture USING btree (apiary_id);


--
-- Name: beedb_picture_beek_id_2b146dac; Type: INDEX; Schema: public; Owner: postgres
--

CREATE INDEX beedb_picture_beek_id_2b146dac ON public.beedb_picture USING btree (beek_id);


--
-- Name: beedb_picture_colony_id_0b202e6f; Type: INDEX; Schema: public; Owner: postgres
--

CREATE INDEX beedb_picture_colony_id_0b202e6f ON public.beedb_picture USING btree (colony_id);


--
-- Name: beedb_picture_inspection_id_7c099382; Type: INDEX; Schema: public; Owner: postgres
--

CREATE INDEX beedb_picture_inspection_id_7c099382 ON public.beedb_picture USING btree (inspection_id);


--
-- Name: beedb_profile_lastApiary_id_a3dc106c; Type: INDEX; Schema: public; Owner: postgres
--

CREATE INDEX "beedb_profile_lastApiary_id_a3dc106c" ON public.beedb_profile USING btree ("lastApiary_id");


--
-- Name: beedb_transfer_colony_id_8f1dd51c; Type: INDEX; Schema: public; Owner: postgres
--

CREATE INDEX beedb_transfer_colony_id_8f1dd51c ON public.beedb_transfer USING btree (colony_id);


--
-- Name: beedb_treatment_colony_id_512d5163; Type: INDEX; Schema: public; Owner: postgres
--

CREATE INDEX beedb_treatment_colony_id_512d5163 ON public.beedb_treatment USING btree (colony_id);


--
-- Name: beedb_treatment_inspection_id_681fcee3; Type: INDEX; Schema: public; Owner: postgres
--

CREATE INDEX beedb_treatment_inspection_id_681fcee3 ON public.beedb_treatment USING btree (inspection_id);


--
-- Name: beedb_treatment_treatmentType_id_101dd554; Type: INDEX; Schema: public; Owner: postgres
--

CREATE INDEX "beedb_treatment_treatmentType_id_101dd554" ON public.beedb_treatment USING btree ("treatmentType_id");


--
-- Name: django_admin_log_content_type_id_c4bce8eb; Type: INDEX; Schema: public; Owner: postgres
--

CREATE INDEX django_admin_log_content_type_id_c4bce8eb ON public.django_admin_log USING btree (content_type_id);


--
-- Name: django_admin_log_user_id_c564eba6; Type: INDEX; Schema: public; Owner: postgres
--

CREATE INDEX django_admin_log_user_id_c564eba6 ON public.django_admin_log USING btree (user_id);


--
-- Name: django_session_expire_date_a5c62663; Type: INDEX; Schema: public; Owner: postgres
--

CREATE INDEX django_session_expire_date_a5c62663 ON public.django_session USING btree (expire_date);


--
-- Name: django_session_session_key_c0390e0f_like; Type: INDEX; Schema: public; Owner: postgres
--

CREATE INDEX django_session_session_key_c0390e0f_like ON public.django_session USING btree (session_key varchar_pattern_ops);


--
-- Name: mailer_messagelog_priority_5e712cf3; Type: INDEX; Schema: public; Owner: postgres
--

CREATE INDEX mailer_messagelog_priority_5e712cf3 ON public.mailer_messagelog USING btree (priority);


--
-- Name: mailer_messagelog_when_added_627461e6; Type: INDEX; Schema: public; Owner: postgres
--

CREATE INDEX mailer_messagelog_when_added_627461e6 ON public.mailer_messagelog USING btree (when_added);


--
-- Name: auth_group_permissions auth_group_permissio_permission_id_84c5c92e_fk_auth_perm; Type: FK CONSTRAINT; Schema: public; Owner: postgres
--

ALTER TABLE ONLY public.auth_group_permissions
    ADD CONSTRAINT auth_group_permissio_permission_id_84c5c92e_fk_auth_perm FOREIGN KEY (permission_id) REFERENCES public.auth_permission(id) DEFERRABLE INITIALLY DEFERRED;


--
-- Name: auth_group_permissions auth_group_permissions_group_id_b120cbf9_fk_auth_group_id; Type: FK CONSTRAINT; Schema: public; Owner: postgres
--

ALTER TABLE ONLY public.auth_group_permissions
    ADD CONSTRAINT auth_group_permissions_group_id_b120cbf9_fk_auth_group_id FOREIGN KEY (group_id) REFERENCES public.auth_group(id) DEFERRABLE INITIALLY DEFERRED;


--
-- Name: auth_permission auth_permission_content_type_id_2f476e4b_fk_django_co; Type: FK CONSTRAINT; Schema: public; Owner: postgres
--

ALTER TABLE ONLY public.auth_permission
    ADD CONSTRAINT auth_permission_content_type_id_2f476e4b_fk_django_co FOREIGN KEY (content_type_id) REFERENCES public.django_content_type(id) DEFERRABLE INITIALLY DEFERRED;


--
-- Name: auth_user_groups auth_user_groups_group_id_97559544_fk_auth_group_id; Type: FK CONSTRAINT; Schema: public; Owner: postgres
--

ALTER TABLE ONLY public.auth_user_groups
    ADD CONSTRAINT auth_user_groups_group_id_97559544_fk_auth_group_id FOREIGN KEY (group_id) REFERENCES public.auth_group(id) DEFERRABLE INITIALLY DEFERRED;


--
-- Name: auth_user_groups auth_user_groups_user_id_6a12ed8b_fk_auth_user_id; Type: FK CONSTRAINT; Schema: public; Owner: postgres
--

ALTER TABLE ONLY public.auth_user_groups
    ADD CONSTRAINT auth_user_groups_user_id_6a12ed8b_fk_auth_user_id FOREIGN KEY (user_id) REFERENCES public.auth_user(id) DEFERRABLE INITIALLY DEFERRED;


--
-- Name: auth_user_user_permissions auth_user_user_permi_permission_id_1fbb5f2c_fk_auth_perm; Type: FK CONSTRAINT; Schema: public; Owner: postgres
--

ALTER TABLE ONLY public.auth_user_user_permissions
    ADD CONSTRAINT auth_user_user_permi_permission_id_1fbb5f2c_fk_auth_perm FOREIGN KEY (permission_id) REFERENCES public.auth_permission(id) DEFERRABLE INITIALLY DEFERRED;


--
-- Name: auth_user_user_permissions auth_user_user_permissions_user_id_a95ead1b_fk_auth_user_id; Type: FK CONSTRAINT; Schema: public; Owner: postgres
--

ALTER TABLE ONLY public.auth_user_user_permissions
    ADD CONSTRAINT auth_user_user_permissions_user_id_a95ead1b_fk_auth_user_id FOREIGN KEY (user_id) REFERENCES public.auth_user(id) DEFERRABLE INITIALLY DEFERRED;


--
-- Name: authtoken_token authtoken_token_user_id_35299eff_fk_auth_user_id; Type: FK CONSTRAINT; Schema: public; Owner: postgres
--

ALTER TABLE ONLY public.authtoken_token
    ADD CONSTRAINT authtoken_token_user_id_35299eff_fk_auth_user_id FOREIGN KEY (user_id) REFERENCES public.auth_user(id) DEFERRABLE INITIALLY DEFERRED;


--
-- Name: beedb_apiary beedb_apiary_beek_id_9f7049de_fk_auth_user_id; Type: FK CONSTRAINT; Schema: public; Owner: postgres
--

ALTER TABLE ONLY public.beedb_apiary
    ADD CONSTRAINT beedb_apiary_beek_id_9f7049de_fk_auth_user_id FOREIGN KEY (beek_id) REFERENCES public.auth_user(id) DEFERRABLE INITIALLY DEFERRED;


--
-- Name: beedb_audit beedb_audit_apiary_id_b1d1cb78_fk_beedb_apiary_id; Type: FK CONSTRAINT; Schema: public; Owner: postgres
--

ALTER TABLE ONLY public.beedb_audit
    ADD CONSTRAINT beedb_audit_apiary_id_b1d1cb78_fk_beedb_apiary_id FOREIGN KEY (apiary_id) REFERENCES public.beedb_apiary(id) DEFERRABLE INITIALLY DEFERRED;


--
-- Name: beedb_audit beedb_audit_beek_id_92e0862e_fk_auth_user_id; Type: FK CONSTRAINT; Schema: public; Owner: postgres
--

ALTER TABLE ONLY public.beedb_audit
    ADD CONSTRAINT beedb_audit_beek_id_92e0862e_fk_auth_user_id FOREIGN KEY (beek_id) REFERENCES public.auth_user(id) DEFERRABLE INITIALLY DEFERRED;


--
-- Name: beedb_audit beedb_audit_colony1_id_8e8399e6_fk_beedb_colony_id; Type: FK CONSTRAINT; Schema: public; Owner: postgres
--

ALTER TABLE ONLY public.beedb_audit
    ADD CONSTRAINT beedb_audit_colony1_id_8e8399e6_fk_beedb_colony_id FOREIGN KEY (colony1_id) REFERENCES public.beedb_colony(id) DEFERRABLE INITIALLY DEFERRED;


--
-- Name: beedb_audit beedb_audit_colony_id_ace41e39_fk_beedb_colony_id; Type: FK CONSTRAINT; Schema: public; Owner: postgres
--

ALTER TABLE ONLY public.beedb_audit
    ADD CONSTRAINT beedb_audit_colony_id_ace41e39_fk_beedb_colony_id FOREIGN KEY (colony_id) REFERENCES public.beedb_colony(id) DEFERRABLE INITIALLY DEFERRED;


--
-- Name: beedb_audit beedb_audit_transfer_id_2ecc4280_fk_beedb_transfer_id; Type: FK CONSTRAINT; Schema: public; Owner: postgres
--

ALTER TABLE ONLY public.beedb_audit
    ADD CONSTRAINT beedb_audit_transfer_id_2ecc4280_fk_beedb_transfer_id FOREIGN KEY (transfer_id) REFERENCES public.beedb_transfer(id) DEFERRABLE INITIALLY DEFERRED;


--
-- Name: beedb_colony beedb_colony_apiary_id_0cc6317b_fk_beedb_apiary_id; Type: FK CONSTRAINT; Schema: public; Owner: postgres
--

ALTER TABLE ONLY public.beedb_colony
    ADD CONSTRAINT beedb_colony_apiary_id_0cc6317b_fk_beedb_apiary_id FOREIGN KEY (apiary_id) REFERENCES public.beedb_apiary(id) DEFERRABLE INITIALLY DEFERRED;


--
-- Name: beedb_diary beedb_diary_apiary_id_3a7f132a_fk_beedb_apiary_id; Type: FK CONSTRAINT; Schema: public; Owner: postgres
--

ALTER TABLE ONLY public.beedb_diary
    ADD CONSTRAINT beedb_diary_apiary_id_3a7f132a_fk_beedb_apiary_id FOREIGN KEY (apiary_id) REFERENCES public.beedb_apiary(id) DEFERRABLE INITIALLY DEFERRED;


--
-- Name: beedb_diary beedb_diary_beek_id_e186d877_fk_auth_user_id; Type: FK CONSTRAINT; Schema: public; Owner: postgres
--

ALTER TABLE ONLY public.beedb_diary
    ADD CONSTRAINT beedb_diary_beek_id_e186d877_fk_auth_user_id FOREIGN KEY (beek_id) REFERENCES public.auth_user(id) DEFERRABLE INITIALLY DEFERRED;


--
-- Name: beedb_diary beedb_diary_colony_id_56075bce_fk_beedb_colony_id; Type: FK CONSTRAINT; Schema: public; Owner: postgres
--

ALTER TABLE ONLY public.beedb_diary
    ADD CONSTRAINT beedb_diary_colony_id_56075bce_fk_beedb_colony_id FOREIGN KEY (colony_id) REFERENCES public.beedb_colony(id) DEFERRABLE INITIALLY DEFERRED;


--
-- Name: beedb_feedback beedb_feedback_beek_id_1005502e_fk_auth_user_id; Type: FK CONSTRAINT; Schema: public; Owner: postgres
--

ALTER TABLE ONLY public.beedb_feedback
    ADD CONSTRAINT beedb_feedback_beek_id_1005502e_fk_auth_user_id FOREIGN KEY (beek_id) REFERENCES public.auth_user(id) DEFERRABLE INITIALLY DEFERRED;


--
-- Name: beedb_inspection beedb_inspection_colony_id_b67f553a_fk_beedb_colony_id; Type: FK CONSTRAINT; Schema: public; Owner: postgres
--

ALTER TABLE ONLY public.beedb_inspection
    ADD CONSTRAINT beedb_inspection_colony_id_b67f553a_fk_beedb_colony_id FOREIGN KEY (colony_id) REFERENCES public.beedb_colony(id) DEFERRABLE INITIALLY DEFERRED;


--
-- Name: beedb_message beedb_message_beek_id_033feaf4_fk_auth_user_id; Type: FK CONSTRAINT; Schema: public; Owner: postgres
--

ALTER TABLE ONLY public.beedb_message
    ADD CONSTRAINT beedb_message_beek_id_033feaf4_fk_auth_user_id FOREIGN KEY (beek_id) REFERENCES public.auth_user(id) DEFERRABLE INITIALLY DEFERRED;


--
-- Name: beedb_picture beedb_picture_apiary_id_f46f94a2_fk_beedb_apiary_id; Type: FK CONSTRAINT; Schema: public; Owner: postgres
--

ALTER TABLE ONLY public.beedb_picture
    ADD CONSTRAINT beedb_picture_apiary_id_f46f94a2_fk_beedb_apiary_id FOREIGN KEY (apiary_id) REFERENCES public.beedb_apiary(id) DEFERRABLE INITIALLY DEFERRED;


--
-- Name: beedb_picture beedb_picture_beek_id_2b146dac_fk_auth_user_id; Type: FK CONSTRAINT; Schema: public; Owner: postgres
--

ALTER TABLE ONLY public.beedb_picture
    ADD CONSTRAINT beedb_picture_beek_id_2b146dac_fk_auth_user_id FOREIGN KEY (beek_id) REFERENCES public.auth_user(id) DEFERRABLE INITIALLY DEFERRED;


--
-- Name: beedb_picture beedb_picture_colony_id_0b202e6f_fk_beedb_colony_id; Type: FK CONSTRAINT; Schema: public; Owner: postgres
--

ALTER TABLE ONLY public.beedb_picture
    ADD CONSTRAINT beedb_picture_colony_id_0b202e6f_fk_beedb_colony_id FOREIGN KEY (colony_id) REFERENCES public.beedb_colony(id) DEFERRABLE INITIALLY DEFERRED;


--
-- Name: beedb_picture beedb_picture_inspection_id_7c099382_fk_beedb_inspection_id; Type: FK CONSTRAINT; Schema: public; Owner: postgres
--

ALTER TABLE ONLY public.beedb_picture
    ADD CONSTRAINT beedb_picture_inspection_id_7c099382_fk_beedb_inspection_id FOREIGN KEY (inspection_id) REFERENCES public.beedb_inspection(id) DEFERRABLE INITIALLY DEFERRED;


--
-- Name: beedb_profile beedb_profile_lastApiary_id_a3dc106c_fk_beedb_apiary_id; Type: FK CONSTRAINT; Schema: public; Owner: postgres
--

ALTER TABLE ONLY public.beedb_profile
    ADD CONSTRAINT "beedb_profile_lastApiary_id_a3dc106c_fk_beedb_apiary_id" FOREIGN KEY ("lastApiary_id") REFERENCES public.beedb_apiary(id) DEFERRABLE INITIALLY DEFERRED;


--
-- Name: beedb_profile beedb_profile_user_id_3706d4ee_fk_auth_user_id; Type: FK CONSTRAINT; Schema: public; Owner: postgres
--

ALTER TABLE ONLY public.beedb_profile
    ADD CONSTRAINT beedb_profile_user_id_3706d4ee_fk_auth_user_id FOREIGN KEY (user_id) REFERENCES public.auth_user(id) DEFERRABLE INITIALLY DEFERRED;


--
-- Name: beedb_transfer beedb_transfer_colony_id_8f1dd51c_fk_beedb_colony_id; Type: FK CONSTRAINT; Schema: public; Owner: postgres
--

ALTER TABLE ONLY public.beedb_transfer
    ADD CONSTRAINT beedb_transfer_colony_id_8f1dd51c_fk_beedb_colony_id FOREIGN KEY (colony_id) REFERENCES public.beedb_colony(id) DEFERRABLE INITIALLY DEFERRED;


--
-- Name: beedb_treatment beedb_treatment_colony_id_512d5163_fk_beedb_colony_id; Type: FK CONSTRAINT; Schema: public; Owner: postgres
--

ALTER TABLE ONLY public.beedb_treatment
    ADD CONSTRAINT beedb_treatment_colony_id_512d5163_fk_beedb_colony_id FOREIGN KEY (colony_id) REFERENCES public.beedb_colony(id) DEFERRABLE INITIALLY DEFERRED;


--
-- Name: beedb_treatment beedb_treatment_inspection_id_681fcee3_fk_beedb_inspection_id; Type: FK CONSTRAINT; Schema: public; Owner: postgres
--

ALTER TABLE ONLY public.beedb_treatment
    ADD CONSTRAINT beedb_treatment_inspection_id_681fcee3_fk_beedb_inspection_id FOREIGN KEY (inspection_id) REFERENCES public.beedb_inspection(id) DEFERRABLE INITIALLY DEFERRED;


--
-- Name: beedb_treatment beedb_treatment_treatmentType_id_101dd554_fk_beedb_tre; Type: FK CONSTRAINT; Schema: public; Owner: postgres
--

ALTER TABLE ONLY public.beedb_treatment
    ADD CONSTRAINT "beedb_treatment_treatmentType_id_101dd554_fk_beedb_tre" FOREIGN KEY ("treatmentType_id") REFERENCES public.beedb_treatmenttype(id) DEFERRABLE INITIALLY DEFERRED;


--
-- Name: django_admin_log django_admin_log_content_type_id_c4bce8eb_fk_django_co; Type: FK CONSTRAINT; Schema: public; Owner: postgres
--

ALTER TABLE ONLY public.django_admin_log
    ADD CONSTRAINT django_admin_log_content_type_id_c4bce8eb_fk_django_co FOREIGN KEY (content_type_id) REFERENCES public.django_content_type(id) DEFERRABLE INITIALLY DEFERRED;


--
-- Name: django_admin_log django_admin_log_user_id_c564eba6_fk_auth_user_id; Type: FK CONSTRAINT; Schema: public; Owner: postgres
--

ALTER TABLE ONLY public.django_admin_log
    ADD CONSTRAINT django_admin_log_user_id_c564eba6_fk_auth_user_id FOREIGN KEY (user_id) REFERENCES public.auth_user(id) DEFERRABLE INITIALLY DEFERRED;


--
-- PostgreSQL database dump complete
--

\unrestrict CeZvDkdgaoW01PLNoE187NdxroeRSsPvUNW3KunAahoaVxoLvb28sCwLe0bMyTH

