[{"model": "beedb.apiary", "pk": 1, "fields": {"beek": 1, "apiaryID": "Glenfield", "descr": "sc", "latitude": "0E-7", "longitude": "0E-7", "ownerResident": null, "residentPhone": null, "address": null, "location": null, "hazards": null}}, {"model": "beedb.apiary", "pk": 2, "fields": {"beek": 1, "apiaryID": "Browns bay", "descr": "", "latitude": "0E-7", "longitude": "0E-7", "ownerResident": null, "residentPhone": null, "address": null, "location": null, "hazards": null}}, {"model": "beedb.apiary", "pk": 3, "fields": {"beek": 3, "apiaryID": "Waiake", "descr": "", "latitude": "0E-7", "longitude": "0E-7", "ownerResident": null, "residentPhone": null, "address": null, "location": null, "hazards": null}}, {"model": "beedb.profile", "pk": 1, "fields": {"user": 1, "phoneNumber": null, "bkRegistration": null, "address": "", "lastApiary": null, "inspectPeriodSummer": 14, "inspectPeriodAutumn": 14, "inspectPeriodWinter": 60, "inspectPeriodSpring": 7, "inspectHealthIndex": true, "inspectManualIndex": false, "inspectDiaryAdd": true, "commsWeeklySummary": true, "commsInspectionReminder": false, "commsLstWeeklyEmail": null}}, {"model": "beedb.profile", "pk": 2, "fields": {"user": 2, "phoneNumber": null, "bkRegistration": null, "address": null, "lastApiary": null, "inspectPeriodSummer": 14, "inspectPeriodAutumn": 14, "inspectPeriodWinter": 60, "inspectPeriodSpring": 7, "inspectHealthIndex": true, "inspectManualIndex": false, "inspectDiaryAdd": true, "commsWeeklySummary": false, "commsInspectionReminder": false, "commsLstWeeklyEmail": null}}, {"model": "beedb.profile", "pk": 3, "fields": {"user": 3, "phoneNumber": null, "bkRegistration": null, "address": null, "lastApiary": null, "inspectPeriodSummer": 14, "inspectPeriodAutumn": 14, "inspectPeriodWinter": 60, "inspectPeriodSpring": 7, "inspectHealthIndex": true, "inspectManualIndex": false, "inspectDiaryAdd": true, "commsWeeklySummary": false, "commsInspectionReminder": false, "commsLstWeeklyEmail": null}}, {"model": "beedb.colony", "pk": 1, "fields": {"apiary": 1, "colonyID": "G1", "descr": "!st colony", "notes": null, "status": "C", "status_dt": "2025-02-11T04:40:49.119Z", "lastAction": "2025-02-11T04:40:49.119Z", "queenRight": true, "size": 3}}, {"model": "beedb.colony", "pk": 2, "fields": {"apiary": 1, "colonyID": "G2", "descr": "sdc", "notes": null, "status": "C", "status_dt": "2025-02-11T04:41:02.406Z", "lastAction": "2025-02-11T04:41:02.406Z", "queenRight": true, "size": 3}}, {"model": "beedb.colony", "pk": 3, "fields": {"apiary": 2, "colonyID": "B1", "descr": "dsc", "notes": null, "status": "C", "status_dt": "2025-02-11T04:41:21.324Z", "lastAction": "2025-02-11T04:41:21.324Z", "queenRight": true, "size": 3}}, {"model": "beedb.colony", "pk": 4, "fields": {"apiary": 2, "colonyID": "B2", "descr": "xc x", "notes": null, "status": "C", "status_dt": "2025-02-11T04:42:04.867Z", "lastAction": "2025-02-11T04:42:04.867Z", "queenRight": true, "size": 3}}, {"model": "beedb.colony", "pk": 5, "fields": {"apiary": 3, "colonyID": "W1", "descr": "", "notes": null, "status": "C", "status_dt": "2025-02-11T04:51:53.406Z", "lastAction": "2025-02-11T04:51:53.406Z", "queenRight": true, "size": 3}}, {"model": "beedb.inspection", "pk": 1, "fields": {"colony": 5, "dt": "2025-02-10T11:00:00Z", "notes": "", "numbers": 1, "eggs": 1, "varroa": 1, "weight": 0, "disease": 0, "temper": 0, "queen_seen": true, "size": 3}}, {"model": "beedb.inspection", "pk": 2, "fields": {"colony": 3, "dt": "2025-02-19T11:00:00Z", "notes": "Desct 1", "numbers": 1, "eggs": 2, "varroa": 0, "weight": 1, "disease": 0, "temper": 1, "queen_seen": true, "size": 3}}, {"model": "beedb.transfer", "pk": 1, "fields": {"colony": 1, "dt": "2025-02-10T11:00:00Z", "outgoing": true, "transaction": 3, "beek_name": null, "beek_registration": null, "beek_email": null, "beek_phone": null, "beek_address": null, "notes": "", "cost": null, "location": "ewd", "size": 3}}, {"model": "beedb.transfer", "pk": 2, "fields": {"colony": 2, "dt": "2025-02-11T04:41:02.410Z", "outgoing": true, "transaction": 4, "beek_name": null, "beek_registration": null, "beek_email": null, "beek_phone": null, "beek_address": null, "notes": "sdc", "cost": null, "location": null, "size": 3}}, {"model": "beedb.transfer", "pk": 3, "fields": {"colony": 3, "dt": "2025-02-10T11:00:00Z", "outgoing": true, "transaction": 3, "beek_name": null, "beek_registration": null, "beek_email": null, "beek_phone": null, "beek_address": null, "notes": "sdc", "cost": null, "location": "sdc", "size": 1}}, {"model": "beedb.transfer", "pk": 4, "fields": {"colony": 4, "dt": "2025-02-10T11:00:00Z", "outgoing": true, "transaction": 2, "beek_name": "xc", "beek_registration": "xc", "beek_email": "jim@gmail.com", "beek_phone": "234", "beek_address": "432432", "notes": "234", "cost": "0.00", "location": null, "size": 3}}, {"model": "beedb.transfer", "pk": 5, "fields": {"colony": 5, "dt": "2025-02-10T11:00:00Z", "outgoing": true, "transaction": 3, "beek_name": null, "beek_registration": null, "beek_email": null, "beek_phone": null, "beek_address": null, "notes": "", "cost": null, "location": "ewfdew", "size": 1}}, {"model": "beedb.audit", "pk": 1, "fields": {"dt": "2025-02-11T04:40:49.143Z", "beek": 1, "apiary": 1, "colony": 1, "colony1": null, "transaction_cd": 3, "detail": "Swarm caught at ewd", "transfer": 1}}, {"model": "beedb.audit", "pk": 2, "fields": {"dt": "2025-02-11T04:41:02.414Z", "beek": 1, "apiary": 1, "colony": 2, "colony1": null, "transaction_cd": 5, "detail": "New colony entered ", "transfer": 2}}, {"model": "beedb.audit", "pk": 3, "fields": {"dt": "2025-02-11T04:41:21.331Z", "beek": 1, "apiary": 2, "colony": 3, "colony1": null, "transaction_cd": 3, "detail": "Swarm caught at sdc", "transfer": 3}}, {"model": "beedb.audit", "pk": 4, "fields": {"dt": "2025-02-11T04:42:04.875Z", "beek": 1, "apiary": 2, "colony": 4, "colony1": null, "transaction_cd": 4, "detail": "Colony purchased from xc", "transfer": 4}}, {"model": "beedb.audit", "pk": 5, "fields": {"dt": "2025-02-11T04:51:53.413Z", "beek": 3, "apiary": 3, "colony": 5, "colony1": null, "transaction_cd": 3, "detail": "Swarm caught at ewfdew", "transfer": 5}}, {"model": "beedb.diary", "pk": 1, "fields": {"beek": 1, "apiary": null, "colony": 3, "createdDt": "2025-02-20T06:53:42.530Z", "startDt": null, "dueDt": "2025-02-26T11:00:00Z", "notifyDt": null, "subject": "Reminder 1", "details": "", "completed": false}}, {"model": "beedb.config", "pk": 1, "fields": {"key": "lstDaily", "configDt": "2025-02-11T04:35:45.280Z", "configValue": 8.0, "lastUpdate": "2025-02-11T04:35:45.280Z"}}, {"model": "beedb.config", "pk": 2, "fields": {"key": "lstWeekly", "configDt": "2025-02-11T04:35:45Z", "configValue": 16.0, "lastUpdate": "2025-02-11T04:35:45Z"}}, {"model": "beedb.config", "pk": 3, "fields": {"key": "commsWeeklyDay", "configDt": "2025-02-20T07:08:48.608Z", "configValue": 2.0, "lastUpdate": "2025-02-11T04:35:45Z"}}, {"model": "beedb.treatmenttype", "pk": 1, "fields": {"name": "Apistan", "manufacturer": "Vita", "organic": false, "requireRemoval": true, "daysInHive": 42, "url": null, "description": "Tau fluvalinate", "instructions": "Insert 2 strips per brood box (10 frames) for 6 weeks.\r\n\r\nDo not use which honey supers on"}}, {"model": "beedb.treatmenttype", "pk": 2, "fields": {"name": "Formic Pro", "manufacturer": "NOD Apiaries", "organic": true, "requireRemoval": true, "daysInHive": 7, "url": "https://nodglobal.com/formic-pro/", "description": "Formic Pro is an all-natural product that targets varroa mites where they reproduce, under the brood cap. Manufactured in ready-to-use strips, it features an extended shelf-life of 24 months and no storage limitations.\r\n\r\nFormic Pro comes in easy-to-use strips that are specially formulated with the active ingredient: formic acid. This organic acid penetrates the brood cap, targeting mites where they reproduce and protecting baby bees when they’re most vulnerable. Designed to be used as part of an integrated pest management (IPM) program, follow the special precautions for safe and effective use.", "instructions": "Should only be applied when temperatures are between 10c - 29c.\r\n\r\nApply 2 strips per colony, regardless of number of brood chambers. Do not remove outer paper covering.\r\n\r\nEnsure Ventilation\r\nRemove entrance reducers. Bottom board entrances must be full width of the hive, minimum height ½ inch or 1.3 cm and fully open for entire treatment. If colonies have permanently reduced entrances, set back the upper brood box by ½ inch or 1.3 cm, or insert wedges between the bottom box and the bottom board to create a full entrance. Close off screen bottom boards for maximum efficacy. Do not consider open screen bottom boards as ‘ventilation’; bees draw in air through the bottom entrance to ventilate the colony."}}, {"model": "beedb.treatmenttype", "pk": 3, "fields": {"name": "Oxalic Acid Vapourisation", "manufacturer": "NA", "organic": true, "requireRemoval": false, "daysInHive": null, "url": null, "description": "Oxalic acid is vapourised using heat and applied to the brood chambers. Can be used with honey supers on.", "instructions": "N.B> Ensure you are using good PPE, personal protective equipment.\r\nEither use a commercial vapouriser and blow the vapour into the hive. Or use a heating plate. I this method the oxalic acid (OA) is placed on the plate, the plate is inserted into the botton of the hive and then heated to vapourised the OA."}}, {"model": "beedb.sizechoice", "pk": 1, "fields": {"size": 1, "type": "Number", "value": 0, "text": "Not Recorded"}}, {"model": "beedb.sizechoice", "pk": 2, "fields": {"size": 1, "type": "Number", "value": 1, "text": "Bees on all frames"}}, {"model": "beedb.sizechoice", "pk": 3, "fields": {"size": 1, "type": "Number", "value": 2, "text": "Good bee numbers"}}, {"model": "beedb.sizechoice", "pk": 4, "fields": {"size": 1, "type": "Number", "value": 3, "text": "A frame of bees"}}, {"model": "beedb.sizechoice", "pk": 5, "fields": {"size": 1, "type": "Number", "value": 4, "text": "Very few bees"}}, {"model": "beedb.sizechoice", "pk": 6, "fields": {"size": 1, "type": "Number", "value": 5, "text": "No bees"}}, {"model": "beedb.sizechoice", "pk": 7, "fields": {"size": 2, "type": "Number", "value": 0, "text": "Not Recorded"}}, {"model": "beedb.sizechoice", "pk": 8, "fields": {"size": 2, "type": "Number", "value": 1, "text": "Bees on all frames"}}, {"model": "beedb.sizechoice", "pk": 9, "fields": {"size": 2, "type": "Number", "value": 2, "text": "Good bee numbers"}}, {"model": "beedb.sizechoice", "pk": 10, "fields": {"size": 2, "type": "Number", "value": 3, "text": "A single frame of bees"}}, {"model": "beedb.sizechoice", "pk": 11, "fields": {"size": 2, "type": "Number", "value": 4, "text": "Very few bees"}}, {"model": "beedb.sizechoice", "pk": 12, "fields": {"size": 2, "type": "Number", "value": 5, "text": "No bees"}}, {"model": "beedb.sizechoice", "pk": 13, "fields": {"size": 3, "type": "Number", "value": 0, "text": "Not Recorded"}}, {"model": "beedb.sizechoice", "pk": 14, "fields": {"size": 3, "type": "Number", "value": 1, "text": "Bees on all frames"}}, {"model": "beedb.sizechoice", "pk": 15, "fields": {"size": 3, "type": "Number", "value": 2, "text": "Bees on most frames"}}, {"model": "beedb.sizechoice", "pk": 16, "fields": {"size": 3, "type": "Number", "value": 3, "text": "Only a few frames with bees"}}, {"model": "beedb.sizechoice", "pk": 17, "fields": {"size": 3, "type": "Number", "value": 4, "text": "Very few bees"}}, {"model": "beedb.sizechoice", "pk": 18, "fields": {"size": 3, "type": "Number", "value": 5, "text": "No bees"}}, {"model": "beedb.sizechoice", "pk": 19, "fields": {"size": 4, "type": "Number", "value": 0, "text": "Not Recorded"}}, {"model": "beedb.sizechoice", "pk": 20, "fields": {"size": 4, "type": "Number", "value": 1, "text": "Most frames with bees"}}, {"model": "beedb.sizechoice", "pk": 21, "fields": {"size": 4, "type": "Number", "value": 2, "text": "8 or more frames with bees"}}, {"model": "beedb.sizechoice", "pk": 22, "fields": {"size": 4, "type": "Number", "value": 3, "text": "Only a few frames with bees"}}, {"model": "beedb.sizechoice", "pk": 23, "fields": {"size": 4, "type": "Number", "value": 4, "text": "Very few bees"}}, {"model": "beedb.sizechoice", "pk": 24, "fields": {"size": 4, "type": "Number", "value": 5, "text": "No bees"}}, {"model": "beedb.sizechoice", "pk": 25, "fields": {"size": 5, "type": "Number", "value": 0, "text": "Not Recorded"}}, {"model": "beedb.sizechoice", "pk": 26, "fields": {"size": 5, "type": "Number", "value": 1, "text": "20 or more frames with bees"}}, {"model": "beedb.sizechoice", "pk": 27, "fields": {"size": 5, "type": "Number", "value": 2, "text": "10 or more frames with bees"}}, {"model": "beedb.sizechoice", "pk": 28, "fields": {"size": 5, "type": "Number", "value": 3, "text": "Only a few frames with bees"}}, {"model": "beedb.sizechoice", "pk": 29, "fields": {"size": 5, "type": "Number", "value": 4, "text": "Very few bees"}}, {"model": "beedb.sizechoice", "pk": 30, "fields": {"size": 5, "type": "Number", "value": 5, "text": "No bees"}}, {"model": "beedb.sizechoice", "pk": 31, "fields": {"size": 1, "type": "Weight", "value": 0, "text": "Not Recorded"}}, {"model": "beedb.sizechoice", "pk": 32, "fields": {"size": 1, "type": "Weight", "value": 1, "text": "Good honey stores"}}, {"model": "beedb.sizechoice", "pk": 33, "fields": {"size": 1, "type": "Weight", "value": 2, "text": "Some stored honey"}}, {"model": "beedb.sizechoice", "pk": 34, "fields": {"size": 1, "type": "Weight", "value": 3, "text": "Some nectar"}}, {"model": "beedb.sizechoice", "pk": 35, "fields": {"size": 1, "type": "Weight", "value": 4, "text": "A little nectar"}}, {"model": "beedb.sizechoice", "pk": 36, "fields": {"size": 1, "type": "Weight", "value": 5, "text": "No stores"}}, {"model": "beedb.sizechoice", "pk": 37, "fields": {"size": 2, "type": "Weight", "value": 0, "text": "Not Recorded"}}, {"model": "beedb.sizechoice", "pk": 38, "fields": {"size": 2, "type": "Weight", "value": 1, "text": "Good honey stores"}}, {"model": "beedb.sizechoice", "pk": 39, "fields": {"size": 2, "type": "Weight", "value": 2, "text": "Some stored honey"}}, {"model": "beedb.sizechoice", "pk": 40, "fields": {"size": 2, "type": "Weight", "value": 3, "text": "Some nectar"}}, {"model": "beedb.sizechoice", "pk": 41, "fields": {"size": 2, "type": "Weight", "value": 4, "text": "A little nectar"}}, {"model": "beedb.sizechoice", "pk": 42, "fields": {"size": 2, "type": "Weight", "value": 5, "text": "No stores"}}, {"model": "beedb.sizechoice", "pk": 43, "fields": {"size": 3, "type": "Weight", "value": 0, "text": "Not Recorded"}}, {"model": "beedb.sizechoice", "pk": 44, "fields": {"size": 3, "type": "Weight", "value": 1, "text": "10 kg or more"}}, {"model": "beedb.sizechoice", "pk": 45, "fields": {"size": 3, "type": "Weight", "value": 2, "text": "5 - 10 kg"}}, {"model": "beedb.sizechoice", "pk": 46, "fields": {"size": 3, "type": "Weight", "value": 3, "text": "A few frames with honey/nectar"}}, {"model": "beedb.sizechoice", "pk": 47, "fields": {"size": 3, "type": "Weight", "value": 4, "text": "A bit of nectar/honey"}}, {"model": "beedb.sizechoice", "pk": 48, "fields": {"size": 3, "type": "Weight", "value": 5, "text": "No stores"}}, {"model": "beedb.sizechoice", "pk": 49, "fields": {"size": 4, "type": "Weight", "value": 0, "text": "Not Recorded"}}, {"model": "beedb.sizechoice", "pk": 50, "fields": {"size": 4, "type": "Weight", "value": 1, "text": "20kg or more honey"}}, {"model": "beedb.sizechoice", "pk": 51, "fields": {"size": 4, "type": "Weight", "value": 2, "text": "10 - 20 kg honey"}}, {"model": "beedb.sizechoice", "pk": 52, "fields": {"size": 4, "type": "Weight", "value": 3, "text": "Honey on 5 or more frames"}}, {"model": "beedb.sizechoice", "pk": 53, "fields": {"size": 4, "type": "Weight", "value": 4, "text": "Not much honey/nectar"}}, {"model": "beedb.sizechoice", "pk": 54, "fields": {"size": 4, "type": "Weight", "value": 5, "text": "No stores"}}, {"model": "beedb.sizechoice", "pk": 55, "fields": {"size": 5, "type": "Weight", "value": 0, "text": "Not Recorded"}}, {"model": "beedb.sizechoice", "pk": 56, "fields": {"size": 5, "type": "Weight", "value": 1, "text": "20kg or more honey"}}, {"model": "beedb.sizechoice", "pk": 57, "fields": {"size": 5, "type": "Weight", "value": 2, "text": "10 - 20 kg honey"}}, {"model": "beedb.sizechoice", "pk": 58, "fields": {"size": 5, "type": "Weight", "value": 3, "text": "Honey on 5 or more frames"}}, {"model": "beedb.sizechoice", "pk": 59, "fields": {"size": 5, "type": "Weight", "value": 4, "text": "Not much honey/nectar"}}, {"model": "beedb.sizechoice", "pk": 60, "fields": {"size": 5, "type": "Weight", "value": 5, "text": "No stores"}}, {"model": "beedb.picture", "pk": 1, "fields": {"title": "ere", "img": "images/3/3/5/Swim_Scapes_3_enhanced.jpg", "beek": 3, "apiary": 3, "colony": 5, "inspection": null, "uploadDt": "2025-02-15T22:46:41.563Z"}}, {"model": "beedb.picture", "pk": 2, "fields": {"title": "ewq", "img": "images/3/3/IMG_20250106_203049.jpg", "beek": 3, "apiary": 3, "colony": null, "inspection": null, "uploadDt": "2025-02-15T22:46:56.874Z"}}]