[{"model": "admin.logentry", "pk": 1, "fields": {"action_time": "2025-02-17T07:19:04.518Z", "user": 1, "content_type": 9, "object_id": "3", "object_repr": "commsWeeklyDay", "action_flag": 2, "change_message": "[{\"changed\": {\"fields\": [\"ConfigValue\"]}}]"}}, {"model": "admin.logentry", "pk": 2, "fields": {"action_time": "2025-02-17T07:22:45.546Z", "user": 1, "content_type": 9, "object_id": "3", "object_repr": "commsWeeklyDay", "action_flag": 2, "change_message": "[{\"changed\": {\"fields\": [\"ConfigValue\"]}}]"}}, {"model": "admin.logentry", "pk": 3, "fields": {"action_time": "2025-02-17T07:23:33.555Z", "user": 1, "content_type": 9, "object_id": "2", "object_repr": "lstWeekly", "action_flag": 2, "change_message": "[{\"changed\": {\"fields\": [\"ConfigValue\"]}}]"}}, {"model": "admin.logentry", "pk": 4, "fields": {"action_time": "2025-02-17T07:24:20.626Z", "user": 1, "content_type": 16, "object_id": "1", "object_repr": "jim", "action_flag": 2, "change_message": "[{\"changed\": {\"fields\": [\"Do you want weekly summary emails?\"]}}]"}}, {"model": "admin.logentry", "pk": 5, "fields": {"action_time": "2025-02-17T07:24:36.353Z", "user": 1, "content_type": 9, "object_id": "3", "object_repr": "commsWeeklyDay", "action_flag": 2, "change_message": "[{\"changed\": {\"fields\": [\"ConfigDt\"]}}]"}}, {"model": "admin.logentry", "pk": 6, "fields": {"action_time": "2025-02-17T07:29:14.503Z", "user": 1, "content_type": 9, "object_id": "3", "object_repr": "commsWeeklyDay", "action_flag": 2, "change_message": "[]"}}, {"model": "admin.logentry", "pk": 7, "fields": {"action_time": "2025-02-17T07:42:35.768Z", "user": 1, "content_type": 18, "object_id": "28", "object_repr": "Message object (28)", "action_flag": 3, "change_message": ""}}, {"model": "admin.logentry", "pk": 8, "fields": {"action_time": "2025-02-17T07:42:35.768Z", "user": 1, "content_type": 18, "object_id": "27", "object_repr": "Message object (27)", "action_flag": 3, "change_message": ""}}, {"model": "admin.logentry", "pk": 9, "fields": {"action_time": "2025-02-17T07:42:35.769Z", "user": 1, "content_type": 18, "object_id": "26", "object_repr": "Message object (26)", "action_flag": 3, "change_message": ""}}, {"model": "admin.logentry", "pk": 10, "fields": {"action_time": "2025-02-17T07:42:35.769Z", "user": 1, "content_type": 18, "object_id": "25", "object_repr": "Message object (25)", "action_flag": 3, "change_message": ""}}, {"model": "admin.logentry", "pk": 11, "fields": {"action_time": "2025-02-17T07:42:35.769Z", "user": 1, "content_type": 18, "object_id": "24", "object_repr": "Message object (24)", "action_flag": 3, "change_message": ""}}, {"model": "admin.logentry", "pk": 12, "fields": {"action_time": "2025-02-17T07:42:35.769Z", "user": 1, "content_type": 18, "object_id": "23", "object_repr": "Message object (23)", "action_flag": 3, "change_message": ""}}, {"model": "admin.logentry", "pk": 13, "fields": {"action_time": "2025-02-17T07:42:35.769Z", "user": 1, "content_type": 18, "object_id": "22", "object_repr": "Message object (22)", "action_flag": 3, "change_message": ""}}, {"model": "admin.logentry", "pk": 14, "fields": {"action_time": "2025-02-17T07:42:35.769Z", "user": 1, "content_type": 18, "object_id": "21", "object_repr": "Message object (21)", "action_flag": 3, "change_message": ""}}, {"model": "admin.logentry", "pk": 15, "fields": {"action_time": "2025-02-17T07:42:35.769Z", "user": 1, "content_type": 18, "object_id": "20", "object_repr": "Message object (20)", "action_flag": 3, "change_message": ""}}, {"model": "admin.logentry", "pk": 16, "fields": {"action_time": "2025-02-17T07:42:35.769Z", "user": 1, "content_type": 18, "object_id": "19", "object_repr": "Message object (19)", "action_flag": 3, "change_message": ""}}, {"model": "admin.logentry", "pk": 17, "fields": {"action_time": "2025-02-17T07:42:35.769Z", "user": 1, "content_type": 18, "object_id": "18", "object_repr": "Message object (18)", "action_flag": 3, "change_message": ""}}, {"model": "admin.logentry", "pk": 18, "fields": {"action_time": "2025-02-17T07:42:35.769Z", "user": 1, "content_type": 18, "object_id": "17", "object_repr": "Message object (17)", "action_flag": 3, "change_message": ""}}, {"model": "admin.logentry", "pk": 19, "fields": {"action_time": "2025-02-17T07:42:35.769Z", "user": 1, "content_type": 18, "object_id": "16", "object_repr": "Message object (16)", "action_flag": 3, "change_message": ""}}, {"model": "admin.logentry", "pk": 20, "fields": {"action_time": "2025-02-17T07:42:35.769Z", "user": 1, "content_type": 18, "object_id": "15", "object_repr": "Message object (15)", "action_flag": 3, "change_message": ""}}, {"model": "admin.logentry", "pk": 21, "fields": {"action_time": "2025-02-17T07:42:35.770Z", "user": 1, "content_type": 18, "object_id": "14", "object_repr": "Message object (14)", "action_flag": 3, "change_message": ""}}, {"model": "admin.logentry", "pk": 22, "fields": {"action_time": "2025-02-17T07:42:35.770Z", "user": 1, "content_type": 18, "object_id": "13", "object_repr": "Message object (13)", "action_flag": 3, "change_message": ""}}, {"model": "admin.logentry", "pk": 23, "fields": {"action_time": "2025-02-17T07:42:35.770Z", "user": 1, "content_type": 18, "object_id": "12", "object_repr": "Message object (12)", "action_flag": 3, "change_message": ""}}, {"model": "admin.logentry", "pk": 24, "fields": {"action_time": "2025-02-17T07:42:35.770Z", "user": 1, "content_type": 18, "object_id": "11", "object_repr": "Message object (11)", "action_flag": 3, "change_message": ""}}, {"model": "admin.logentry", "pk": 25, "fields": {"action_time": "2025-02-17T07:42:35.770Z", "user": 1, "content_type": 18, "object_id": "10", "object_repr": "Message object (10)", "action_flag": 3, "change_message": ""}}, {"model": "admin.logentry", "pk": 26, "fields": {"action_time": "2025-02-17T07:42:35.770Z", "user": 1, "content_type": 18, "object_id": "9", "object_repr": "Message object (9)", "action_flag": 3, "change_message": ""}}, {"model": "admin.logentry", "pk": 27, "fields": {"action_time": "2025-02-17T07:42:35.770Z", "user": 1, "content_type": 18, "object_id": "8", "object_repr": "Message object (8)", "action_flag": 3, "change_message": ""}}, {"model": "admin.logentry", "pk": 28, "fields": {"action_time": "2025-02-17T07:42:35.771Z", "user": 1, "content_type": 18, "object_id": "7", "object_repr": "Message object (7)", "action_flag": 3, "change_message": ""}}, {"model": "admin.logentry", "pk": 29, "fields": {"action_time": "2025-02-17T07:42:35.771Z", "user": 1, "content_type": 18, "object_id": "6", "object_repr": "Message object (6)", "action_flag": 3, "change_message": ""}}, {"model": "admin.logentry", "pk": 30, "fields": {"action_time": "2025-02-17T07:42:35.771Z", "user": 1, "content_type": 18, "object_id": "5", "object_repr": "Message object (5)", "action_flag": 3, "change_message": ""}}, {"model": "admin.logentry", "pk": 31, "fields": {"action_time": "2025-02-17T07:42:35.771Z", "user": 1, "content_type": 18, "object_id": "4", "object_repr": "Message object (4)", "action_flag": 3, "change_message": ""}}, {"model": "admin.logentry", "pk": 32, "fields": {"action_time": "2025-02-17T07:42:35.771Z", "user": 1, "content_type": 18, "object_id": "3", "object_repr": "Message object (3)", "action_flag": 3, "change_message": ""}}, {"model": "admin.logentry", "pk": 33, "fields": {"action_time": "2025-02-17T07:42:35.771Z", "user": 1, "content_type": 18, "object_id": "2", "object_repr": "Message object (2)", "action_flag": 3, "change_message": ""}}, {"model": "admin.logentry", "pk": 34, "fields": {"action_time": "2025-02-17T07:42:35.771Z", "user": 1, "content_type": 18, "object_id": "1", "object_repr": "Message object (1)", "action_flag": 3, "change_message": ""}}, {"model": "admin.logentry", "pk": 35, "fields": {"action_time": "2025-02-17T07:48:32.508Z", "user": 1, "content_type": 18, "object_id": "34", "object_repr": "Message object (34)", "action_flag": 3, "change_message": ""}}, {"model": "admin.logentry", "pk": 36, "fields": {"action_time": "2025-02-17T07:48:32.508Z", "user": 1, "content_type": 18, "object_id": "33", "object_repr": "Message object (33)", "action_flag": 3, "change_message": ""}}, {"model": "admin.logentry", "pk": 37, "fields": {"action_time": "2025-02-17T07:48:32.508Z", "user": 1, "content_type": 18, "object_id": "32", "object_repr": "Message object (32)", "action_flag": 3, "change_message": ""}}, {"model": "admin.logentry", "pk": 38, "fields": {"action_time": "2025-02-17T07:48:32.508Z", "user": 1, "content_type": 18, "object_id": "31", "object_repr": "Message object (31)", "action_flag": 3, "change_message": ""}}, {"model": "admin.logentry", "pk": 39, "fields": {"action_time": "2025-02-17T07:48:32.508Z", "user": 1, "content_type": 18, "object_id": "30", "object_repr": "Message object (30)", "action_flag": 3, "change_message": ""}}, {"model": "admin.logentry", "pk": 40, "fields": {"action_time": "2025-02-17T07:48:32.508Z", "user": 1, "content_type": 18, "object_id": "29", "object_repr": "Message object (29)", "action_flag": 3, "change_message": ""}}, {"model": "admin.logentry", "pk": 41, "fields": {"action_time": "2025-02-17T07:48:43.649Z", "user": 1, "content_type": 18, "object_id": "35", "object_repr": "Message object (35)", "action_flag": 3, "change_message": ""}}, {"model": "admin.logentry", "pk": 42, "fields": {"action_time": "2025-02-17T07:48:50.429Z", "user": 1, "content_type": 9, "object_id": "3", "object_repr": "commsWeeklyDay", "action_flag": 2, "change_message": "[]"}}, {"model": "admin.logentry", "pk": 43, "fields": {"action_time": "2025-02-18T18:57:22.441Z", "user": 1, "content_type": 18, "object_id": "40", "object_repr": "Message object (40)", "action_flag": 3, "change_message": ""}}, {"model": "admin.logentry", "pk": 44, "fields": {"action_time": "2025-02-18T18:57:22.441Z", "user": 1, "content_type": 18, "object_id": "39", "object_repr": "Message object (39)", "action_flag": 3, "change_message": ""}}, {"model": "admin.logentry", "pk": 45, "fields": {"action_time": "2025-02-18T18:57:22.441Z", "user": 1, "content_type": 18, "object_id": "38", "object_repr": "Message object (38)", "action_flag": 3, "change_message": ""}}, {"model": "admin.logentry", "pk": 46, "fields": {"action_time": "2025-02-18T18:57:22.441Z", "user": 1, "content_type": 18, "object_id": "37", "object_repr": "Message object (37)", "action_flag": 3, "change_message": ""}}, {"model": "admin.logentry", "pk": 47, "fields": {"action_time": "2025-02-18T18:57:22.441Z", "user": 1, "content_type": 18, "object_id": "36", "object_repr": "Message object (36)", "action_flag": 3, "change_message": ""}}, {"model": "admin.logentry", "pk": 48, "fields": {"action_time": "2025-02-18T19:12:23.468Z", "user": 1, "content_type": 9, "object_id": "3", "object_repr": "commsWeeklyDay", "action_flag": 2, "change_message": "[{\"changed\": {\"fields\": [\"ConfigDt\", \"ConfigValue\"]}}]"}}, {"model": "admin.logentry", "pk": 49, "fields": {"action_time": "2025-02-18T19:23:44.830Z", "user": 1, "content_type": 9, "object_id": "3", "object_repr": "commsWeeklyDay", "action_flag": 2, "change_message": "[{\"changed\": {\"fields\": [\"ConfigDt\"]}}]"}}, {"model": "admin.logentry", "pk": 50, "fields": {"action_time": "2025-02-18T19:35:12.488Z", "user": 1, "content_type": 9, "object_id": "2", "object_repr": "lstWeekly", "action_flag": 2, "change_message": "[{\"changed\": {\"fields\": [\"ConfigValue\"]}}]"}}, {"model": "admin.logentry", "pk": 51, "fields": {"action_time": "2025-02-18T19:36:11.050Z", "user": 1, "content_type": 9, "object_id": "3", "object_repr": "commsWeeklyDay", "action_flag": 2, "change_message": "[{\"changed\": {\"fields\": [\"ConfigDt\"]}}]"}}, {"model": "admin.logentry", "pk": 52, "fields": {"action_time": "2025-02-19T04:35:42.196Z", "user": 1, "content_type": 9, "object_id": "3", "object_repr": "commsWeeklyDay", "action_flag": 2, "change_message": "[{\"changed\": {\"fields\": [\"ConfigDt\", \"ConfigValue\"]}}]"}}, {"model": "admin.logentry", "pk": 53, "fields": {"action_time": "2025-02-21T17:38:08.809Z", "user": 1, "content_type": 13, "object_id": "1", "object_repr": "Apistan", "action_flag": 1, "change_message": "[{\"added\": {}}]"}}, {"model": "admin.logentry", "pk": 54, "fields": {"action_time": "2025-02-21T17:39:13.567Z", "user": 1, "content_type": 13, "object_id": "2", "object_repr": "Formic Pro", "action_flag": 1, "change_message": "[{\"added\": {}}]"}}, {"model": "admin.logentry", "pk": 55, "fields": {"action_time": "2025-02-21T17:39:21.115Z", "user": 1, "content_type": 13, "object_id": "1", "object_repr": "Apistan", "action_flag": 2, "change_message": "[{\"changed\": {\"fields\": [\"RequireRemoval\"]}}]"}}, {"model": "admin.logentry", "pk": 56, "fields": {"action_time": "2025-02-21T17:41:22.132Z", "user": 1, "content_type": 13, "object_id": "3", "object_repr": "Oxalic Acid Vapourisation", "action_flag": 1, "change_message": "[{\"added\": {}}]"}}, {"model": "admin.logentry", "pk": 57, "fields": {"action_time": "2025-02-21T17:41:43.474Z", "user": 1, "content_type": 18, "object_id": "65", "object_repr": "Message object (65)", "action_flag": 3, "change_message": ""}}, {"model": "admin.logentry", "pk": 58, "fields": {"action_time": "2025-02-21T17:41:43.474Z", "user": 1, "content_type": 18, "object_id": "64", "object_repr": "Message object (64)", "action_flag": 3, "change_message": ""}}, {"model": "admin.logentry", "pk": 59, "fields": {"action_time": "2025-02-21T17:41:43.474Z", "user": 1, "content_type": 18, "object_id": "63", "object_repr": "Message object (63)", "action_flag": 3, "change_message": ""}}, {"model": "admin.logentry", "pk": 60, "fields": {"action_time": "2025-02-21T17:41:43.474Z", "user": 1, "content_type": 18, "object_id": "62", "object_repr": "Message object (62)", "action_flag": 3, "change_message": ""}}, {"model": "admin.logentry", "pk": 61, "fields": {"action_time": "2025-02-21T17:41:43.474Z", "user": 1, "content_type": 18, "object_id": "61", "object_repr": "Message object (61)", "action_flag": 3, "change_message": ""}}, {"model": "admin.logentry", "pk": 62, "fields": {"action_time": "2025-02-21T17:41:43.474Z", "user": 1, "content_type": 18, "object_id": "60", "object_repr": "Message object (60)", "action_flag": 3, "change_message": ""}}, {"model": "admin.logentry", "pk": 63, "fields": {"action_time": "2025-02-21T17:41:43.474Z", "user": 1, "content_type": 18, "object_id": "59", "object_repr": "Message object (59)", "action_flag": 3, "change_message": ""}}, {"model": "admin.logentry", "pk": 64, "fields": {"action_time": "2025-02-21T17:41:43.474Z", "user": 1, "content_type": 18, "object_id": "58", "object_repr": "Message object (58)", "action_flag": 3, "change_message": ""}}, {"model": "admin.logentry", "pk": 65, "fields": {"action_time": "2025-02-21T17:41:43.475Z", "user": 1, "content_type": 18, "object_id": "57", "object_repr": "Message object (57)", "action_flag": 3, "change_message": ""}}, {"model": "admin.logentry", "pk": 66, "fields": {"action_time": "2025-02-21T17:41:43.475Z", "user": 1, "content_type": 18, "object_id": "56", "object_repr": "Message object (56)", "action_flag": 3, "change_message": ""}}, {"model": "admin.logentry", "pk": 67, "fields": {"action_time": "2025-02-21T17:41:43.475Z", "user": 1, "content_type": 18, "object_id": "55", "object_repr": "Message object (55)", "action_flag": 3, "change_message": ""}}, {"model": "admin.logentry", "pk": 68, "fields": {"action_time": "2025-02-21T17:41:43.475Z", "user": 1, "content_type": 18, "object_id": "54", "object_repr": "Message object (54)", "action_flag": 3, "change_message": ""}}, {"model": "admin.logentry", "pk": 69, "fields": {"action_time": "2025-02-21T17:41:43.475Z", "user": 1, "content_type": 18, "object_id": "53", "object_repr": "Message object (53)", "action_flag": 3, "change_message": ""}}, {"model": "admin.logentry", "pk": 70, "fields": {"action_time": "2025-02-21T17:41:43.475Z", "user": 1, "content_type": 18, "object_id": "52", "object_repr": "Message object (52)", "action_flag": 3, "change_message": ""}}, {"model": "admin.logentry", "pk": 71, "fields": {"action_time": "2025-02-21T17:41:43.475Z", "user": 1, "content_type": 18, "object_id": "51", "object_repr": "Message object (51)", "action_flag": 3, "change_message": ""}}, {"model": "admin.logentry", "pk": 72, "fields": {"action_time": "2025-02-21T17:41:43.475Z", "user": 1, "content_type": 18, "object_id": "50", "object_repr": "Message object (50)", "action_flag": 3, "change_message": ""}}, {"model": "admin.logentry", "pk": 73, "fields": {"action_time": "2025-02-21T17:41:43.475Z", "user": 1, "content_type": 18, "object_id": "49", "object_repr": "Message object (49)", "action_flag": 3, "change_message": ""}}, {"model": "admin.logentry", "pk": 74, "fields": {"action_time": "2025-02-21T17:41:43.475Z", "user": 1, "content_type": 18, "object_id": "48", "object_repr": "Message object (48)", "action_flag": 3, "change_message": ""}}, {"model": "admin.logentry", "pk": 75, "fields": {"action_time": "2025-02-21T17:41:43.475Z", "user": 1, "content_type": 18, "object_id": "47", "object_repr": "Message object (47)", "action_flag": 3, "change_message": ""}}, {"model": "admin.logentry", "pk": 76, "fields": {"action_time": "2025-02-21T17:41:43.475Z", "user": 1, "content_type": 18, "object_id": "46", "object_repr": "Message object (46)", "action_flag": 3, "change_message": ""}}, {"model": "admin.logentry", "pk": 77, "fields": {"action_time": "2025-02-21T17:41:43.475Z", "user": 1, "content_type": 18, "object_id": "45", "object_repr": "Message object (45)", "action_flag": 3, "change_message": ""}}, {"model": "admin.logentry", "pk": 78, "fields": {"action_time": "2025-02-21T17:41:43.475Z", "user": 1, "content_type": 18, "object_id": "44", "object_repr": "Message object (44)", "action_flag": 3, "change_message": ""}}, {"model": "admin.logentry", "pk": 79, "fields": {"action_time": "2025-02-21T17:41:43.476Z", "user": 1, "content_type": 18, "object_id": "43", "object_repr": "Message object (43)", "action_flag": 3, "change_message": ""}}, {"model": "admin.logentry", "pk": 80, "fields": {"action_time": "2025-02-21T17:41:43.476Z", "user": 1, "content_type": 18, "object_id": "42", "object_repr": "Message object (42)", "action_flag": 3, "change_message": ""}}, {"model": "admin.logentry", "pk": 81, "fields": {"action_time": "2025-02-21T17:41:43.476Z", "user": 1, "content_type": 18, "object_id": "41", "object_repr": "Message object (41)", "action_flag": 3, "change_message": ""}}, {"model": "admin.logentry", "pk": 82, "fields": {"action_time": "2025-02-22T02:12:39.185Z", "user": 1, "content_type": 11, "object_id": "3", "object_repr": "Beek: jim, Subject: test reminder past", "action_flag": 2, "change_message": "[{\"changed\": {\"fields\": [\"NotifyDt\"]}}]"}}, {"model": "admin.logentry", "pk": 83, "fields": {"action_time": "2025-02-22T02:20:04.799Z", "user": 1, "content_type": 4, "object_id": "3", "object_repr": "roderick@west.net.nz", "action_flag": 2, "change_message": "[{\"changed\": {\"fields\": [\"First name\", \"Last name\"]}}]"}}, {"model": "admin.logentry", "pk": 84, "fields": {"action_time": "2025-02-22T02:21:02.749Z", "user": 1, "content_type": 4, "object_id": "1", "object_repr": "jim", "action_flag": 2, "change_message": "[{\"changed\": {\"fields\": [\"First name\", \"Last name\"]}}]"}}, {"model": "auth.permission", "pk": 1, "fields": {"name": "Can add log entry", "content_type": 1, "codename": "add_logentry"}}, {"model": "auth.permission", "pk": 2, "fields": {"name": "Can change log entry", "content_type": 1, "codename": "change_logentry"}}, {"model": "auth.permission", "pk": 3, "fields": {"name": "Can delete log entry", "content_type": 1, "codename": "delete_logentry"}}, {"model": "auth.permission", "pk": 4, "fields": {"name": "Can view log entry", "content_type": 1, "codename": "view_logentry"}}, {"model": "auth.permission", "pk": 5, "fields": {"name": "Can add permission", "content_type": 2, "codename": "add_permission"}}, {"model": "auth.permission", "pk": 6, "fields": {"name": "Can change permission", "content_type": 2, "codename": "change_permission"}}, {"model": "auth.permission", "pk": 7, "fields": {"name": "Can delete permission", "content_type": 2, "codename": "delete_permission"}}, {"model": "auth.permission", "pk": 8, "fields": {"name": "Can view permission", "content_type": 2, "codename": "view_permission"}}, {"model": "auth.permission", "pk": 9, "fields": {"name": "Can add group", "content_type": 3, "codename": "add_group"}}, {"model": "auth.permission", "pk": 10, "fields": {"name": "Can change group", "content_type": 3, "codename": "change_group"}}, {"model": "auth.permission", "pk": 11, "fields": {"name": "Can delete group", "content_type": 3, "codename": "delete_group"}}, {"model": "auth.permission", "pk": 12, "fields": {"name": "Can view group", "content_type": 3, "codename": "view_group"}}, {"model": "auth.permission", "pk": 13, "fields": {"name": "Can add user", "content_type": 4, "codename": "add_user"}}, {"model": "auth.permission", "pk": 14, "fields": {"name": "Can change user", "content_type": 4, "codename": "change_user"}}, {"model": "auth.permission", "pk": 15, "fields": {"name": "Can delete user", "content_type": 4, "codename": "delete_user"}}, {"model": "auth.permission", "pk": 16, "fields": {"name": "Can view user", "content_type": 4, "codename": "view_user"}}, {"model": "auth.permission", "pk": 17, "fields": {"name": "Can add content type", "content_type": 5, "codename": "add_contenttype"}}, {"model": "auth.permission", "pk": 18, "fields": {"name": "Can change content type", "content_type": 5, "codename": "change_contenttype"}}, {"model": "auth.permission", "pk": 19, "fields": {"name": "Can delete content type", "content_type": 5, "codename": "delete_contenttype"}}, {"model": "auth.permission", "pk": 20, "fields": {"name": "Can view content type", "content_type": 5, "codename": "view_contenttype"}}, {"model": "auth.permission", "pk": 21, "fields": {"name": "Can add session", "content_type": 6, "codename": "add_session"}}, {"model": "auth.permission", "pk": 22, "fields": {"name": "Can change session", "content_type": 6, "codename": "change_session"}}, {"model": "auth.permission", "pk": 23, "fields": {"name": "Can delete session", "content_type": 6, "codename": "delete_session"}}, {"model": "auth.permission", "pk": 24, "fields": {"name": "Can view session", "content_type": 6, "codename": "view_session"}}, {"model": "auth.permission", "pk": 25, "fields": {"name": "Can add apiary", "content_type": 7, "codename": "add_apiary"}}, {"model": "auth.permission", "pk": 26, "fields": {"name": "Can change apiary", "content_type": 7, "codename": "change_apiary"}}, {"model": "auth.permission", "pk": 27, "fields": {"name": "Can delete apiary", "content_type": 7, "codename": "delete_apiary"}}, {"model": "auth.permission", "pk": 28, "fields": {"name": "Can view apiary", "content_type": 7, "codename": "view_apiary"}}, {"model": "auth.permission", "pk": 29, "fields": {"name": "Can add colony", "content_type": 8, "codename": "add_colony"}}, {"model": "auth.permission", "pk": 30, "fields": {"name": "Can change colony", "content_type": 8, "codename": "change_colony"}}, {"model": "auth.permission", "pk": 31, "fields": {"name": "Can delete colony", "content_type": 8, "codename": "delete_colony"}}, {"model": "auth.permission", "pk": 32, "fields": {"name": "Can view colony", "content_type": 8, "codename": "view_colony"}}, {"model": "auth.permission", "pk": 33, "fields": {"name": "Can add config", "content_type": 9, "codename": "add_config"}}, {"model": "auth.permission", "pk": 34, "fields": {"name": "Can change config", "content_type": 9, "codename": "change_config"}}, {"model": "auth.permission", "pk": 35, "fields": {"name": "Can delete config", "content_type": 9, "codename": "delete_config"}}, {"model": "auth.permission", "pk": 36, "fields": {"name": "Can view config", "content_type": 9, "codename": "view_config"}}, {"model": "auth.permission", "pk": 37, "fields": {"name": "Can add inspection", "content_type": 10, "codename": "add_inspection"}}, {"model": "auth.permission", "pk": 38, "fields": {"name": "Can change inspection", "content_type": 10, "codename": "change_inspection"}}, {"model": "auth.permission", "pk": 39, "fields": {"name": "Can delete inspection", "content_type": 10, "codename": "delete_inspection"}}, {"model": "auth.permission", "pk": 40, "fields": {"name": "Can view inspection", "content_type": 10, "codename": "view_inspection"}}, {"model": "auth.permission", "pk": 41, "fields": {"name": "Can add diary", "content_type": 11, "codename": "add_diary"}}, {"model": "auth.permission", "pk": 42, "fields": {"name": "Can change diary", "content_type": 11, "codename": "change_diary"}}, {"model": "auth.permission", "pk": 43, "fields": {"name": "Can delete diary", "content_type": 11, "codename": "delete_diary"}}, {"model": "auth.permission", "pk": 44, "fields": {"name": "Can view diary", "content_type": 11, "codename": "view_diary"}}, {"model": "auth.permission", "pk": 45, "fields": {"name": "Can add size choice", "content_type": 12, "codename": "add_sizechoice"}}, {"model": "auth.permission", "pk": 46, "fields": {"name": "Can change size choice", "content_type": 12, "codename": "change_sizechoice"}}, {"model": "auth.permission", "pk": 47, "fields": {"name": "Can delete size choice", "content_type": 12, "codename": "delete_sizechoice"}}, {"model": "auth.permission", "pk": 48, "fields": {"name": "Can view size choice", "content_type": 12, "codename": "view_sizechoice"}}, {"model": "auth.permission", "pk": 49, "fields": {"name": "Can add treatment type", "content_type": 13, "codename": "add_treatmenttype"}}, {"model": "auth.permission", "pk": 50, "fields": {"name": "Can change treatment type", "content_type": 13, "codename": "change_treatmenttype"}}, {"model": "auth.permission", "pk": 51, "fields": {"name": "Can delete treatment type", "content_type": 13, "codename": "delete_treatmenttype"}}, {"model": "auth.permission", "pk": 52, "fields": {"name": "Can view treatment type", "content_type": 13, "codename": "view_treatmenttype"}}, {"model": "auth.permission", "pk": 53, "fields": {"name": "Can add treatment", "content_type": 14, "codename": "add_treatment"}}, {"model": "auth.permission", "pk": 54, "fields": {"name": "Can change treatment", "content_type": 14, "codename": "change_treatment"}}, {"model": "auth.permission", "pk": 55, "fields": {"name": "Can delete treatment", "content_type": 14, "codename": "delete_treatment"}}, {"model": "auth.permission", "pk": 56, "fields": {"name": "Can view treatment", "content_type": 14, "codename": "view_treatment"}}, {"model": "auth.permission", "pk": 57, "fields": {"name": "Can add transfer", "content_type": 15, "codename": "add_transfer"}}, {"model": "auth.permission", "pk": 58, "fields": {"name": "Can change transfer", "content_type": 15, "codename": "change_transfer"}}, {"model": "auth.permission", "pk": 59, "fields": {"name": "Can delete transfer", "content_type": 15, "codename": "delete_transfer"}}, {"model": "auth.permission", "pk": 60, "fields": {"name": "Can view transfer", "content_type": 15, "codename": "view_transfer"}}, {"model": "auth.permission", "pk": 61, "fields": {"name": "Can add profile", "content_type": 16, "codename": "add_profile"}}, {"model": "auth.permission", "pk": 62, "fields": {"name": "Can change profile", "content_type": 16, "codename": "change_profile"}}, {"model": "auth.permission", "pk": 63, "fields": {"name": "Can delete profile", "content_type": 16, "codename": "delete_profile"}}, {"model": "auth.permission", "pk": 64, "fields": {"name": "Can view profile", "content_type": 16, "codename": "view_profile"}}, {"model": "auth.permission", "pk": 65, "fields": {"name": "Can add picture", "content_type": 17, "codename": "add_picture"}}, {"model": "auth.permission", "pk": 66, "fields": {"name": "Can change picture", "content_type": 17, "codename": "change_picture"}}, {"model": "auth.permission", "pk": 67, "fields": {"name": "Can delete picture", "content_type": 17, "codename": "delete_picture"}}, {"model": "auth.permission", "pk": 68, "fields": {"name": "Can view picture", "content_type": 17, "codename": "view_picture"}}, {"model": "auth.permission", "pk": 69, "fields": {"name": "Can add message", "content_type": 18, "codename": "add_message"}}, {"model": "auth.permission", "pk": 70, "fields": {"name": "Can change message", "content_type": 18, "codename": "change_message"}}, {"model": "auth.permission", "pk": 71, "fields": {"name": "Can delete message", "content_type": 18, "codename": "delete_message"}}, {"model": "auth.permission", "pk": 72, "fields": {"name": "Can view message", "content_type": 18, "codename": "view_message"}}, {"model": "auth.permission", "pk": 73, "fields": {"name": "Can add feedback", "content_type": 19, "codename": "add_feedback"}}, {"model": "auth.permission", "pk": 74, "fields": {"name": "Can change feedback", "content_type": 19, "codename": "change_feedback"}}, {"model": "auth.permission", "pk": 75, "fields": {"name": "Can delete feedback", "content_type": 19, "codename": "delete_feedback"}}, {"model": "auth.permission", "pk": 76, "fields": {"name": "Can view feedback", "content_type": 19, "codename": "view_feedback"}}, {"model": "auth.permission", "pk": 77, "fields": {"name": "Can add audit", "content_type": 20, "codename": "add_audit"}}, {"model": "auth.permission", "pk": 78, "fields": {"name": "Can change audit", "content_type": 20, "codename": "change_audit"}}, {"model": "auth.permission", "pk": 79, "fields": {"name": "Can delete audit", "content_type": 20, "codename": "delete_audit"}}, {"model": "auth.permission", "pk": 80, "fields": {"name": "Can view audit", "content_type": 20, "codename": "view_audit"}}, {"model": "auth.permission", "pk": 81, "fields": {"name": "Can add Token", "content_type": 21, "codename": "add_token"}}, {"model": "auth.permission", "pk": 82, "fields": {"name": "Can change Token", "content_type": 21, "codename": "change_token"}}, {"model": "auth.permission", "pk": 83, "fields": {"name": "Can delete Token", "content_type": 21, "codename": "delete_token"}}, {"model": "auth.permission", "pk": 84, "fields": {"name": "Can view Token", "content_type": 21, "codename": "view_token"}}, {"model": "auth.permission", "pk": 85, "fields": {"name": "Can add Token", "content_type": 22, "codename": "add_tokenproxy"}}, {"model": "auth.permission", "pk": 86, "fields": {"name": "Can change Token", "content_type": 22, "codename": "change_tokenproxy"}}, {"model": "auth.permission", "pk": 87, "fields": {"name": "Can delete Token", "content_type": 22, "codename": "delete_tokenproxy"}}, {"model": "auth.permission", "pk": 88, "fields": {"name": "Can view Token", "content_type": 22, "codename": "view_tokenproxy"}}, {"model": "auth.permission", "pk": 89, "fields": {"name": "Can add don't send entry", "content_type": 23, "codename": "add_dontsendentry"}}, {"model": "auth.permission", "pk": 90, "fields": {"name": "Can change don't send entry", "content_type": 23, "codename": "change_dontsendentry"}}, {"model": "auth.permission", "pk": 91, "fields": {"name": "Can delete don't send entry", "content_type": 23, "codename": "delete_dontsendentry"}}, {"model": "auth.permission", "pk": 92, "fields": {"name": "Can view don't send entry", "content_type": 23, "codename": "view_dontsendentry"}}, {"model": "auth.permission", "pk": 93, "fields": {"name": "Can add message", "content_type": 24, "codename": "add_message"}}, {"model": "auth.permission", "pk": 94, "fields": {"name": "Can change message", "content_type": 24, "codename": "change_message"}}, {"model": "auth.permission", "pk": 95, "fields": {"name": "Can delete message", "content_type": 24, "codename": "delete_message"}}, {"model": "auth.permission", "pk": 96, "fields": {"name": "Can view message", "content_type": 24, "codename": "view_message"}}, {"model": "auth.permission", "pk": 97, "fields": {"name": "Can add message log", "content_type": 25, "codename": "add_messagelog"}}, {"model": "auth.permission", "pk": 98, "fields": {"name": "Can change message log", "content_type": 25, "codename": "change_messagelog"}}, {"model": "auth.permission", "pk": 99, "fields": {"name": "Can delete message log", "content_type": 25, "codename": "delete_messagelog"}}, {"model": "auth.permission", "pk": 100, "fields": {"name": "Can view message log", "content_type": 25, "codename": "view_messagelog"}}, {"model": "auth.user", "pk": 1, "fields": {"password": "pbkdf2_sha256$870000$Tbsj7bTbozk2RarKfQt6RV$ZLo76l2ZG0Gl5bzlfXd7c8GFD9hZTGkSOjh59tAlOkI=", "last_login": "2025-09-21T04:37:13.106Z", "is_superuser": true, "username": "jim", "first_name": "Jim", "last_name": "West", "email": "jim@west.kiwi", "is_staff": true, "is_active": true, "date_joined": "2025-02-11T04:35:28Z", "groups": [], "user_permissions": []}}, {"model": "auth.user", "pk": 2, "fields": {"password": "pbkdf2_sha256$390000$j3oHyE80FAyb0ITabd0j6P$SyrBhfC9kfxbKhG/k+EzOgdCl2xlzeVW3S+zX9TAqLY=", "last_login": null, "is_superuser": false, "username": "rod@west.net.nz", "first_name": "", "last_name": "", "email": "rod@west.net.nz", "is_staff": false, "is_active": false, "date_joined": "2025-02-11T04:44:13.391Z", "groups": [], "user_permissions": []}}, {"model": "auth.user", "pk": 3, "fields": {"password": "pbkdf2_sha256$390000$ffRePRytqJg1Dd9CRrZdkM$pLCSXnKBfoYi10QjWEo7oKmx9W9ATUzSsz4RKDr08ts=", "last_login": "2025-02-11T04:51:01Z", "is_superuser": false, "username": "roderick@west.net.nz", "first_name": "Roderick", "last_name": "West", "email": "roderick@west.net.nz", "is_staff": false, "is_active": true, "date_joined": "2025-02-11T04:50:00Z", "groups": [], "user_permissions": []}}, {"model": "contenttypes.contenttype", "pk": 1, "fields": {"app_label": "admin", "model": "logentry"}}, {"model": "contenttypes.contenttype", "pk": 2, "fields": {"app_label": "auth", "model": "permission"}}, {"model": "contenttypes.contenttype", "pk": 3, "fields": {"app_label": "auth", "model": "group"}}, {"model": "contenttypes.contenttype", "pk": 4, "fields": {"app_label": "auth", "model": "user"}}, {"model": "contenttypes.contenttype", "pk": 5, "fields": {"app_label": "contenttypes", "model": "contenttype"}}, {"model": "contenttypes.contenttype", "pk": 6, "fields": {"app_label": "sessions", "model": "session"}}, {"model": "contenttypes.contenttype", "pk": 7, "fields": {"app_label": "beedb", "model": "apiary"}}, {"model": "contenttypes.contenttype", "pk": 8, "fields": {"app_label": "beedb", "model": "colony"}}, {"model": "contenttypes.contenttype", "pk": 9, "fields": {"app_label": "beedb", "model": "config"}}, {"model": "contenttypes.contenttype", "pk": 10, "fields": {"app_label": "beedb", "model": "inspection"}}, {"model": "contenttypes.contenttype", "pk": 11, "fields": {"app_label": "beedb", "model": "diary"}}, {"model": "contenttypes.contenttype", "pk": 12, "fields": {"app_label": "beedb", "model": "sizechoice"}}, {"model": "contenttypes.contenttype", "pk": 13, "fields": {"app_label": "beedb", "model": "treatmenttype"}}, {"model": "contenttypes.contenttype", "pk": 14, "fields": {"app_label": "beedb", "model": "treatment"}}, {"model": "contenttypes.contenttype", "pk": 15, "fields": {"app_label": "beedb", "model": "transfer"}}, {"model": "contenttypes.contenttype", "pk": 16, "fields": {"app_label": "beedb", "model": "profile"}}, {"model": "contenttypes.contenttype", "pk": 17, "fields": {"app_label": "beedb", "model": "picture"}}, {"model": "contenttypes.contenttype", "pk": 18, "fields": {"app_label": "beedb", "model": "message"}}, {"model": "contenttypes.contenttype", "pk": 19, "fields": {"app_label": "beedb", "model": "feedback"}}, {"model": "contenttypes.contenttype", "pk": 20, "fields": {"app_label": "beedb", "model": "audit"}}, {"model": "contenttypes.contenttype", "pk": 21, "fields": {"app_label": "authtoken", "model": "token"}}, {"model": "contenttypes.contenttype", "pk": 22, "fields": {"app_label": "authtoken", "model": "tokenproxy"}}, {"model": "contenttypes.contenttype", "pk": 23, "fields": {"app_label": "mailer", "model": "dontsendentry"}}, {"model": "contenttypes.contenttype", "pk": 24, "fields": {"app_label": "mailer", "model": "message"}}, {"model": "contenttypes.contenttype", "pk": 25, "fields": {"app_label": "mailer", "model": "messagelog"}}, {"model": "sessions.session", "pk": "akbdxh02lstcbaun64kvma6vi1mxwwvg", "fields": {"session_data": ".eJxVjDsOwjAQBe_iGln2ev2jpOcM1vqHA8iR4qRC3B0ipYD2zcx7sUDb2sI2yhKmzM5MstPvFik9St9BvlO_zTzNfV2myHeFH3Tw65zL83K4fweNRvvWxgtTKzmrEapWOSEaCQKKjZiiEsoBYiIpAJ2q1loUWnhjtdbgQRX2_gCyWjX0:1v0Bp3:YnE5ROXcPuvLAaEhQUu4GH1K91wuy1XZu-SSGogIsM8", "expire_date": "2025-10-05T04:37:13.127Z"}}, {"model": "sessions.session", "pk": "n5pvk3slk5yxljyj7u458u6lqb2dh6ju", "fields": {"session_data": ".eJxVjDsOwjAQBe_iGln2ev2jpOcM1vqHA8iR4qRC3B0ipYD2zcx7sUDb2sI2yhKmzM5MstPvFik9St9BvlO_zTzNfV2myHeFH3Tw65zL83K4fweNRvvWxgtTKzmrEapWOSEaCQKKjZiiEsoBYiIpAJ2q1loUWnhjtdbgQRX2_gCyWjX0:1tjv8M:zWjInWCfvL4oZxDfeLLW4cosRas6eDWcJWM1h5HkBlk", "expire_date": "2025-03-03T07:01:38.126Z"}}, {"model": "beedb.apiary", "pk": 1, "fields": {"beek": 1, "apiaryID": "Glenfield", "descr": "sc", "latitude": "0E-7", "longitude": "0E-7", "ownerResident": null, "residentPhone": null, "address": null, "location": null, "hazards": null}}, {"model": "beedb.apiary", "pk": 2, "fields": {"beek": 1, "apiaryID": "Browns bay", "descr": "", "latitude": "0E-7", "longitude": "0E-7", "ownerResident": null, "residentPhone": null, "address": null, "location": null, "hazards": null}}, {"model": "beedb.apiary", "pk": 3, "fields": {"beek": 3, "apiaryID": "Waiake", "descr": "", "latitude": "0E-7", "longitude": "0E-7", "ownerResident": null, "residentPhone": null, "address": null, "location": null, "hazards": null}}, {"model": "beedb.profile", "pk": 1, "fields": {"user": 1, "phoneNumber": null, "bkRegistration": null, "address": "", "lastApiary": null, "inspectPeriodSummer": 14, "inspectPeriodAutumn": 14, "inspectPeriodWinter": 60, "inspectPeriodSpring": 7, "inspectHealthIndex": true, "inspectManualIndex": false, "inspectDiaryAdd": true, "commsWeeklySummary": true, "commsInspectionReminder": false, "commsLstWeeklyEmail": null}}, {"model": "beedb.profile", "pk": 2, "fields": {"user": 2, "phoneNumber": null, "bkRegistration": null, "address": null, "lastApiary": null, "inspectPeriodSummer": 14, "inspectPeriodAutumn": 14, "inspectPeriodWinter": 60, "inspectPeriodSpring": 7, "inspectHealthIndex": true, "inspectManualIndex": false, "inspectDiaryAdd": true, "commsWeeklySummary": false, "commsInspectionReminder": false, "commsLstWeeklyEmail": null}}, {"model": "beedb.profile", "pk": 3, "fields": {"user": 3, "phoneNumber": null, "bkRegistration": null, "address": null, "lastApiary": null, "inspectPeriodSummer": 14, "inspectPeriodAutumn": 14, "inspectPeriodWinter": 60, "inspectPeriodSpring": 7, "inspectHealthIndex": true, "inspectManualIndex": false, "inspectDiaryAdd": true, "commsWeeklySummary": false, "commsInspectionReminder": false, "commsLstWeeklyEmail": null}}, {"model": "beedb.colony", "pk": 1, "fields": {"apiary": 1, "colonyID": "G1", "descr": "!st colony", "notes": null, "status": "C", "status_dt": "2025-02-11T04:40:49.119Z", "lastAction": "2025-02-11T04:40:49.119Z", "queenRight": true, "size": 3}}, {"model": "beedb.colony", "pk": 2, "fields": {"apiary": 1, "colonyID": "G2", "descr": "sdc", "notes": null, "status": "C", "status_dt": "2025-02-11T04:41:02.406Z", "lastAction": "2025-02-11T04:41:02.406Z", "queenRight": true, "size": 3}}, {"model": "beedb.colony", "pk": 3, "fields": {"apiary": 2, "colonyID": "B1", "descr": "dsc", "notes": null, "status": "C", "status_dt": "2025-02-11T04:41:21.324Z", "lastAction": "2025-02-11T04:41:21.324Z", "queenRight": true, "size": 3}}, {"model": "beedb.colony", "pk": 4, "fields": {"apiary": 2, "colonyID": "B2", "descr": "xc x", "notes": null, "status": "C", "status_dt": "2025-02-11T04:42:04.867Z", "lastAction": "2025-02-11T04:42:04.867Z", "queenRight": true, "size": 3}}, {"model": "beedb.colony", "pk": 5, "fields": {"apiary": 3, "colonyID": "W1", "descr": "", "notes": null, "status": "C", "status_dt": "2025-02-11T04:51:53.406Z", "lastAction": "2025-02-11T04:51:53.406Z", "queenRight": true, "size": 3}}, {"model": "beedb.inspection", "pk": 1, "fields": {"colony": 5, "dt": "2025-02-10T11:00:00Z", "notes": "", "numbers": 1, "eggs": 1, "varroa": 1, "weight": 0, "disease": 0, "temper": 0, "queen_seen": true, "size": 3}}, {"model": "beedb.inspection", "pk": 2, "fields": {"colony": 3, "dt": "2025-02-19T11:00:00Z", "notes": "Desct 1", "numbers": 1, "eggs": 2, "varroa": 0, "weight": 1, "disease": 0, "temper": 1, "queen_seen": true, "size": 3}}, {"model": "beedb.transfer", "pk": 1, "fields": {"colony": 1, "dt": "2025-02-10T11:00:00Z", "outgoing": true, "transaction": 3, "beek_name": null, "beek_registration": null, "beek_email": null, "beek_phone": null, "beek_address": null, "notes": "", "cost": null, "location": "ewd", "size": 3}}, {"model": "beedb.transfer", "pk": 2, "fields": {"colony": 2, "dt": "2025-02-11T04:41:02.410Z", "outgoing": true, "transaction": 4, "beek_name": null, "beek_registration": null, "beek_email": null, "beek_phone": null, "beek_address": null, "notes": "sdc", "cost": null, "location": null, "size": 3}}, {"model": "beedb.transfer", "pk": 3, "fields": {"colony": 3, "dt": "2025-02-10T11:00:00Z", "outgoing": true, "transaction": 3, "beek_name": null, "beek_registration": null, "beek_email": null, "beek_phone": null, "beek_address": null, "notes": "sdc", "cost": null, "location": "sdc", "size": 1}}, {"model": "beedb.transfer", "pk": 4, "fields": {"colony": 4, "dt": "2025-02-10T11:00:00Z", "outgoing": true, "transaction": 2, "beek_name": "xc", "beek_registration": "xc", "beek_email": "jim@gmail.com", "beek_phone": "234", "beek_address": "432432", "notes": "234", "cost": "0.00", "location": null, "size": 3}}, {"model": "beedb.transfer", "pk": 5, "fields": {"colony": 5, "dt": "2025-02-10T11:00:00Z", "outgoing": true, "transaction": 3, "beek_name": null, "beek_registration": null, "beek_email": null, "beek_phone": null, "beek_address": null, "notes": "", "cost": null, "location": "ewfdew", "size": 1}}, {"model": "beedb.audit", "pk": 1, "fields": {"dt": "2025-02-11T04:40:49.143Z", "beek": 1, "apiary": 1, "colony": 1, "colony1": null, "transaction_cd": 3, "detail": "Swarm caught at ewd", "transfer": 1}}, {"model": "beedb.audit", "pk": 2, "fields": {"dt": "2025-02-11T04:41:02.414Z", "beek": 1, "apiary": 1, "colony": 2, "colony1": null, "transaction_cd": 5, "detail": "New colony entered ", "transfer": 2}}, {"model": "beedb.audit", "pk": 3, "fields": {"dt": "2025-02-11T04:41:21.331Z", "beek": 1, "apiary": 2, "colony": 3, "colony1": null, "transaction_cd": 3, "detail": "Swarm caught at sdc", "transfer": 3}}, {"model": "beedb.audit", "pk": 4, "fields": {"dt": "2025-02-11T04:42:04.875Z", "beek": 1, "apiary": 2, "colony": 4, "colony1": null, "transaction_cd": 4, "detail": "Colony purchased from xc", "transfer": 4}}, {"model": "beedb.audit", "pk": 5, "fields": {"dt": "2025-02-11T04:51:53.413Z", "beek": 3, "apiary": 3, "colony": 5, "colony1": null, "transaction_cd": 3, "detail": "Swarm caught at ewfdew", "transfer": 5}}, {"model": "beedb.diary", "pk": 1, "fields": {"beek": 1, "apiary": null, "colony": 3, "createdDt": "2025-02-20T06:53:42.530Z", "startDt": null, "dueDt": "2025-02-26T11:00:00Z", "notifyDt": null, "subject": "Reminder 1", "details": "", "completed": false}}, {"model": "beedb.diary", "pk": 2, "fields": {"beek": 1, "apiary": 2, "colony": 4, "createdDt": "2025-02-22T02:11:36.252Z", "startDt": null, "dueDt": "2025-03-26T11:00:00Z", "notifyDt": null, "subject": "test reminder - future", "details": "", "completed": false}}, {"model": "beedb.diary", "pk": 3, "fields": {"beek": 1, "apiary": 2, "colony": 4, "createdDt": "2025-02-22T02:11:59Z", "startDt": null, "dueDt": "2025-02-01T11:00:00Z", "notifyDt": "2025-02-22T02:12:36Z", "subject": "test reminder past", "details": "", "completed": false}}, {"model": "beedb.diary", "pk": 4, "fields": {"beek": 1, "apiary": 2, "colony": 4, "createdDt": "2025-02-22T02:12:17.101Z", "startDt": null, "dueDt": "2025-02-20T11:00:00Z", "notifyDt": null, "subject": "test reminder due", "details": "", "completed": false}}, {"model": "beedb.config", "pk": 1, "fields": {"key": "lstDaily", "configDt": "2025-02-11T04:35:45.280Z", "configValue": 8.0, "lastUpdate": "2025-02-11T04:35:45.280Z"}}, {"model": "beedb.config", "pk": 2, "fields": {"key": "lstWeekly", "configDt": "2025-02-11T04:35:45Z", "configValue": 16.0, "lastUpdate": "2025-02-11T04:35:45Z"}}, {"model": "beedb.config", "pk": 3, "fields": {"key": "commsWeeklyDay", "configDt": "2025-02-20T07:08:48.608Z", "configValue": 2.0, "lastUpdate": "2025-02-11T04:35:45Z"}}, {"model": "beedb.message", "pk": 66, "fields": {"beek": 1, "subject": "Weekly summary from Bee-db", "body": null, "html": "<!doctype html>\n<html>\n\n<head>\n  <meta name=\"viewport\" content=\"width=device-width\" />\n  <meta http-equiv=\"Content-Type\" content=\"text/html; charset=UTF-8\" />\n\n  <title>\n    \nReminders\n\n  </title>\n  <style>\n    body {\n      font-family: Verdana, Geneva, Arial, sans-serif;\n    }\n\n    .descr {\n      font-style: italic;\n    }\n\n    .topic {\n      font-family: Monospace;\n      color: blue;\n    }\n\n    .payload {\n      color: #0b772f;\n    }\n\n    .bold {\n      font-weight: bold;\n    }\n\n    table.node-details {\n      border: 1px solid black;\n      border-collapse: collapse;\n    }\n\n    td.node-details {\n      border: 1px solid black;\n    }\n\n    .maillink {\n      background-color: #36f44f;\n      color: white;\n      padding: 14px 25px;\n      text-align: center;\n      text-decoration: none;\n      display: inline-block;\n      border-radius: 10px;\n      font-weight: bold;\n    }\n\n    .warning {\n      color: orange;\n    }\n\n    div.indent {\n      text-indent: 20px;\n    }\n\n    div.indent2 {\n      text-indent: 50px;\n    }\n\n    div.notice {\n      border: 2px solid black;\n      border-radius: 5px;\n      background-color: rgb(211, 211, 211);\n    }\n\n    /* -------------------------------------\n          HEADER, FOOTER, MAIN\n      ------------------------------------- */\n    .main {\n      background: #ffffff;\n      border-radius: 3px;\n      width: 100%;\n    }\n\n    .wrapper {\n      box-sizing: border-box;\n      padding: 20px;\n    }\n\n    .content-block {\n      padding-bottom: 10px;\n      padding-top: 10px;\n    }\n\n    .footer {\n      clear: both;\n      Margin-top: 10px;\n      text-align: center;\n      width: 100%;\n    }\n\n    .footer td,\n    .footer p,\n    .footer span,\n    .footer a {\n      color: #999999;\n      font-size: 12px;\n      text-align: center;\n    }\n\n    /* unsure why this is a good thing !   */\n    .apple-link a {\n      color: inherit !important;\n      font-family: inherit !important;\n      font-size: inherit !important;\n      font-weight: inherit !important;\n      line-height: inherit !important;\n      text-decoration: none !important;\n    }\n\n    table.footer {\n      border: 0;\n      cellpadding: 0;\n      cellspacing: 0;\n    }\n\n    .signature {\n      font-family: Verdana, Geneva, Arial, sans-serif;\n    }\n  </style>\n\n</head>\n\n<body>\n  \n  <p>Hi </p>\n\n<div id=\"apiaries\" class=\"container-fluid\">  \n\n  \n\n</div>\n\n<div class=\"notice\">\n  This email is being sent to you as per your settings in the Bee database system. You can turn on and off these emails <a href=\"http://bee-restore.west.net.nz:8005/beedb/inspectPrefDetail/\">here</a>,\n  and adjust your inspections timing preferences <a href=\"http://bee-restore.west.net.nz:8005/beedb/commsPrefDetail/\">here</a>.\n</div>\n\n\n  <!-- START Signature -->\n  <div class=\"signature\">\n    <p>Cheers</p>\n\n    \n      <p>Your bee and beehive management system</p>\n    \n  </div>\n  <!-- END Signature -->\n</body>\n\n</html>\n", "processed": true, "createdDt": "2025-02-22T02:13:06.291Z", "processedDt": "2025-02-22T02:13:12.443Z"}}, {"model": "beedb.message", "pk": 67, "fields": {"beek": 1, "subject": "Weekly summary from Bee-db", "body": null, "html": "<!doctype html>\n<html>\n\n<head>\n  <meta name=\"viewport\" content=\"width=device-width\" />\n  <meta http-equiv=\"Content-Type\" content=\"text/html; charset=UTF-8\" />\n\n  <title>\n    \nReminders\n\n  </title>\n  <style>\n    body {\n      font-family: Verdana, Geneva, Arial, sans-serif;\n    }\n\n    .descr {\n      font-style: italic;\n    }\n\n    .topic {\n      font-family: Monospace;\n      color: blue;\n    }\n\n    .payload {\n      color: #0b772f;\n    }\n\n    .bold {\n      font-weight: bold;\n    }\n\n    table.node-details {\n      border: 1px solid black;\n      border-collapse: collapse;\n    }\n\n    td.node-details {\n      border: 1px solid black;\n    }\n\n    .maillink {\n      background-color: #36f44f;\n      color: white;\n      padding: 14px 25px;\n      text-align: center;\n      text-decoration: none;\n      display: inline-block;\n      border-radius: 10px;\n      font-weight: bold;\n    }\n\n    .warning {\n      color: orange;\n    }\n\n    div.indent {\n      text-indent: 20px;\n    }\n\n    div.indent2 {\n      text-indent: 50px;\n    }\n\n    div.notice {\n      border: 2px solid black;\n      border-radius: 5px;\n      background-color: rgb(211, 211, 211);\n    }\n\n    /* -------------------------------------\n          HEADER, FOOTER, MAIN\n      ------------------------------------- */\n    .main {\n      background: #ffffff;\n      border-radius: 3px;\n      width: 100%;\n    }\n\n    .wrapper {\n      box-sizing: border-box;\n      padding: 20px;\n    }\n\n    .content-block {\n      padding-bottom: 10px;\n      padding-top: 10px;\n    }\n\n    .footer {\n      clear: both;\n      Margin-top: 10px;\n      text-align: center;\n      width: 100%;\n    }\n\n    .footer td,\n    .footer p,\n    .footer span,\n    .footer a {\n      color: #999999;\n      font-size: 12px;\n      text-align: center;\n    }\n\n    /* unsure why this is a good thing !   */\n    .apple-link a {\n      color: inherit !important;\n      font-family: inherit !important;\n      font-size: inherit !important;\n      font-weight: inherit !important;\n      line-height: inherit !important;\n      text-decoration: none !important;\n    }\n\n    table.footer {\n      border: 0;\n      cellpadding: 0;\n      cellspacing: 0;\n    }\n\n    .signature {\n      font-family: Verdana, Geneva, Arial, sans-serif;\n    }\n  </style>\n\n</head>\n\n<body>\n  \n  <p>Hi Jim</p>\n\n<div id=\"apiaries\" class=\"container-fluid\">  \n\n  \n\n</div>\n\n<div class=\"notice\">\n  This email is being sent to you as per your settings in the Bee database system. You can turn on and off these emails <a href=\"http://bee-restore.west.net.nz:8005/beedb/inspectPrefDetail/\">here</a>,\n  and adjust your inspections timing preferences <a href=\"http://bee-restore.west.net.nz:8005/beedb/commsPrefDetail/\">here</a>.\n</div>\n\n\n  <!-- START Signature -->\n  <div class=\"signature\">\n    <p>Cheers</p>\n\n    \n      <p>Your bee and beehive management system</p>\n    \n  </div>\n  <!-- END Signature -->\n</body>\n\n</html>\n", "processed": true, "createdDt": "2025-02-22T02:30:30.096Z", "processedDt": "2025-02-22T02:30:35.768Z"}}, {"model": "beedb.message", "pk": 68, "fields": {"beek": 1, "subject": "Weekly summary from Bee-db", "body": null, "html": "<!doctype html>\n<html>\n\n<head>\n  <meta name=\"viewport\" content=\"width=device-width\" />\n  <meta http-equiv=\"Content-Type\" content=\"text/html; charset=UTF-8\" />\n\n  <title>\n    \nReminders\n\n  </title>\n  <style>\n    body {\n      font-family: Verdana, Geneva, Arial, sans-serif;\n    }\n\n    .descr {\n      font-style: italic;\n    }\n\n    .topic {\n      font-family: Monospace;\n      color: blue;\n    }\n\n    .payload {\n      color: #0b772f;\n    }\n\n    .bold {\n      font-weight: bold;\n    }\n\n    table.node-details {\n      border: 1px solid black;\n      border-collapse: collapse;\n    }\n\n    td.node-details {\n      border: 1px solid black;\n    }\n\n    .maillink {\n      background-color: #36f44f;\n      color: white;\n      padding: 14px 25px;\n      text-align: center;\n      text-decoration: none;\n      display: inline-block;\n      border-radius: 10px;\n      font-weight: bold;\n    }\n\n    .warning {\n      color: orange;\n    }\n\n    div.indent {\n      text-indent: 20px;\n    }\n\n    div.indent2 {\n      text-indent: 50px;\n    }\n\n    div.notice {\n      border: 2px solid black;\n      border-radius: 5px;\n      background-color: rgb(211, 211, 211);\n    }\n\n    /* -------------------------------------\n          HEADER, FOOTER, MAIN\n      ------------------------------------- */\n    .main {\n      background: #ffffff;\n      border-radius: 3px;\n      width: 100%;\n    }\n\n    .wrapper {\n      box-sizing: border-box;\n      padding: 20px;\n    }\n\n    .content-block {\n      padding-bottom: 10px;\n      padding-top: 10px;\n    }\n\n    .footer {\n      clear: both;\n      Margin-top: 10px;\n      text-align: center;\n      width: 100%;\n    }\n\n    .footer td,\n    .footer p,\n    .footer span,\n    .footer a {\n      color: #999999;\n      font-size: 12px;\n      text-align: center;\n    }\n\n    /* unsure why this is a good thing !   */\n    .apple-link a {\n      color: inherit !important;\n      font-family: inherit !important;\n      font-size: inherit !important;\n      font-weight: inherit !important;\n      line-height: inherit !important;\n      text-decoration: none !important;\n    }\n\n    table.footer {\n      border: 0;\n      cellpadding: 0;\n      cellspacing: 0;\n    }\n\n    .signature {\n      font-family: Verdana, Geneva, Arial, sans-serif;\n    }\n  </style>\n\n</head>\n\n<body>\n  \n<p>Hi Jim</p>\n\n<div id=\"apiaries\" class=\"container-fluid\">\n  <div class=\"indent bold\">\n    Reminders\n  </div>\n  \n</div>\n\n<div class=\"notice\">\n  This email is being sent to you as per your settings in the Bee database system. You can turn on and off these emails\n  <a href=\"http://bee-restore.west.net.nz:8005/beedb/inspectPrefDetail/\">here</a>,\n  and adjust your inspections timing preferences <a href=\"http://bee-restore.west.net.nz:8005/beedb/commsPrefDetail/\">here</a>.\n</div>\n\n\n  <!-- START Signature -->\n  <div class=\"signature\">\n    <p>Cheers</p>\n\n    \n      <p>Your bee and beehive management system</p>\n    \n  </div>\n  <!-- END Signature -->\n</body>\n\n</html>\n", "processed": true, "createdDt": "2025-02-22T03:03:44.320Z", "processedDt": "2025-02-22T03:03:49.953Z"}}, {"model": "beedb.message", "pk": 69, "fields": {"beek": 1, "subject": "Weekly summary from Bee-db", "body": null, "html": "<!doctype html>\n<html>\n\n<head>\n  <meta name=\"viewport\" content=\"width=device-width\" />\n  <meta http-equiv=\"Content-Type\" content=\"text/html; charset=UTF-8\" />\n\n  <title>\n    \nReminders\n\n  </title>\n  <style>\n    body {\n      font-family: Verdana, Geneva, Arial, sans-serif;\n    }\n\n    .descr {\n      font-style: italic;\n    }\n\n    .topic {\n      font-family: Monospace;\n      color: blue;\n    }\n\n    .payload {\n      color: #0b772f;\n    }\n\n    .bold {\n      font-weight: bold;\n    }\n\n    table.node-details {\n      border: 1px solid black;\n      border-collapse: collapse;\n    }\n\n    td.node-details {\n      border: 1px solid black;\n    }\n\n    .maillink {\n      background-color: #36f44f;\n      color: white;\n      padding: 14px 25px;\n      text-align: center;\n      text-decoration: none;\n      display: inline-block;\n      border-radius: 10px;\n      font-weight: bold;\n    }\n\n    .warning {\n      color: orange;\n    }\n\n    div.indent {\n      text-indent: 20px;\n    }\n\n    div.indent2 {\n      text-indent: 50px;\n    }\n\n    div.notice {\n      border: 2px solid black;\n      border-radius: 5px;\n      background-color: rgb(211, 211, 211);\n    }\n\n    /* -------------------------------------\n          HEADER, FOOTER, MAIN\n      ------------------------------------- */\n    .main {\n      background: #ffffff;\n      border-radius: 3px;\n      width: 100%;\n    }\n\n    .wrapper {\n      box-sizing: border-box;\n      padding: 20px;\n    }\n\n    .content-block {\n      padding-bottom: 10px;\n      padding-top: 10px;\n    }\n\n    .footer {\n      clear: both;\n      Margin-top: 10px;\n      text-align: center;\n      width: 100%;\n    }\n\n    .footer td,\n    .footer p,\n    .footer span,\n    .footer a {\n      color: #999999;\n      font-size: 12px;\n      text-align: center;\n    }\n\n    /* unsure why this is a good thing !   */\n    .apple-link a {\n      color: inherit !important;\n      font-family: inherit !important;\n      font-size: inherit !important;\n      font-weight: inherit !important;\n      line-height: inherit !important;\n      text-decoration: none !important;\n    }\n\n    table.footer {\n      border: 0;\n      cellpadding: 0;\n      cellspacing: 0;\n    }\n\n    .signature {\n      font-family: Verdana, Geneva, Arial, sans-serif;\n    }\n  </style>\n\n</head>\n\n<body>\n  \n<p>Hi Jim</p>\n\n<div id=\"apiaries\" class=\"container-fluid\">\n  <div class=\"indent bold\">\n    Reminders\n  </div>\n  \n</div>\n\n<div class=\"notice\">\n  This email is being sent to you as per your settings in the Bee database system. You can turn on and off these emails\n  <a href=\"http://bee-restore.west.net.nz:8005/beedb/inspectPrefDetail/\">here</a>,\n  and adjust your inspections timing preferences <a href=\"http://bee-restore.west.net.nz:8005/beedb/commsPrefDetail/\">here</a>.\n</div>\n\n\n  <!-- START Signature -->\n  <div class=\"signature\">\n    <p>Cheers</p>\n\n    \n      <p>Your bee and beehive management system</p>\n    \n  </div>\n  <!-- END Signature -->\n</body>\n\n</html>\n", "processed": true, "createdDt": "2025-02-22T03:08:19.616Z", "processedDt": "2025-02-22T03:08:24.925Z"}}, {"model": "beedb.message", "pk": 70, "fields": {"beek": 1, "subject": "Weekly summary from Bee-db", "body": null, "html": "<!doctype html>\n<html>\n\n<head>\n  <meta name=\"viewport\" content=\"width=device-width\" />\n  <meta http-equiv=\"Content-Type\" content=\"text/html; charset=UTF-8\" />\n\n  <title>\n    \nReminders\n\n  </title>\n  <style>\n    body {\n      font-family: Verdana, Geneva, Arial, sans-serif;\n    }\n\n    .descr {\n      font-style: italic;\n    }\n\n    .topic {\n      font-family: Monospace;\n      color: blue;\n    }\n\n    .payload {\n      color: #0b772f;\n    }\n\n    .bold {\n      font-weight: bold;\n    }\n\n    table.node-details {\n      border: 1px solid black;\n      border-collapse: collapse;\n    }\n\n    td.node-details {\n      border: 1px solid black;\n    }\n\n    .maillink {\n      background-color: #36f44f;\n      color: white;\n      padding: 14px 25px;\n      text-align: center;\n      text-decoration: none;\n      display: inline-block;\n      border-radius: 10px;\n      font-weight: bold;\n    }\n\n    .warning {\n      color: orange;\n    }\n\n    div.indent {\n      text-indent: 20px;\n    }\n\n    div.indent2 {\n      text-indent: 50px;\n    }\n\n    div.notice {\n      border: 2px solid black;\n      border-radius: 5px;\n      background-color: rgb(211, 211, 211);\n    }\n\n    /* -------------------------------------\n          HEADER, FOOTER, MAIN\n      ------------------------------------- */\n    .main {\n      background: #ffffff;\n      border-radius: 3px;\n      width: 100%;\n    }\n\n    .wrapper {\n      box-sizing: border-box;\n      padding: 20px;\n    }\n\n    .content-block {\n      padding-bottom: 10px;\n      padding-top: 10px;\n    }\n\n    .footer {\n      clear: both;\n      Margin-top: 10px;\n      text-align: center;\n      width: 100%;\n    }\n\n    .footer td,\n    .footer p,\n    .footer span,\n    .footer a {\n      color: #999999;\n      font-size: 12px;\n      text-align: center;\n    }\n\n    /* unsure why this is a good thing !   */\n    .apple-link a {\n      color: inherit !important;\n      font-family: inherit !important;\n      font-size: inherit !important;\n      font-weight: inherit !important;\n      line-height: inherit !important;\n      text-decoration: none !important;\n    }\n\n    table.footer {\n      border: 0;\n      cellpadding: 0;\n      cellspacing: 0;\n    }\n\n    .signature {\n      font-family: Verdana, Geneva, Arial, sans-serif;\n    }\n  </style>\n\n</head>\n\n<body>\n  \n<p>Hi Jim</p>\n\n<div id=\"apiaries\" class=\"container-fluid\">\n  <div class=\"indent bold\">\n    Reminders\n  </div>\n  \n    <div class=\"indent2\">\n      <a href=\"http://bee-restore.west.net.nz:8005/beedb/diary/\"></a> - Due by: {{ newR.dueDt|date:\"D d\n      M Y\" }}\n    </div>\n    \n</div>\n\n<div class=\"notice\">\n  This email is being sent to you as per your settings in the Bee database system. You can turn on and off these emails\n  <a href=\"http://bee-restore.west.net.nz:8005/beedb/inspectPrefDetail/\">here</a>,\n  and adjust your inspections timing preferences <a href=\"http://bee-restore.west.net.nz:8005/beedb/commsPrefDetail/\">here</a>.\n</div>\n\n\n  <!-- START Signature -->\n  <div class=\"signature\">\n    <p>Cheers</p>\n\n    \n      <p>Your bee and beehive management system</p>\n    \n  </div>\n  <!-- END Signature -->\n</body>\n\n</html>\n", "processed": true, "createdDt": "2025-02-22T03:09:18.591Z", "processedDt": "2025-02-22T03:09:23.862Z"}}, {"model": "beedb.message", "pk": 71, "fields": {"beek": 1, "subject": "Weekly summary from Bee-db", "body": null, "html": "<!doctype html>\n<html>\n\n<head>\n  <meta name=\"viewport\" content=\"width=device-width\" />\n  <meta http-equiv=\"Content-Type\" content=\"text/html; charset=UTF-8\" />\n\n  <title>\n    \nReminders\n\n  </title>\n  <style>\n    body {\n      font-family: Verdana, Geneva, Arial, sans-serif;\n    }\n\n    .descr {\n      font-style: italic;\n    }\n\n    .topic {\n      font-family: Monospace;\n      color: blue;\n    }\n\n    .payload {\n      color: #0b772f;\n    }\n\n    .bold {\n      font-weight: bold;\n    }\n\n    table.node-details {\n      border: 1px solid black;\n      border-collapse: collapse;\n    }\n\n    td.node-details {\n      border: 1px solid black;\n    }\n\n    .maillink {\n      background-color: #36f44f;\n      color: white;\n      padding: 14px 25px;\n      text-align: center;\n      text-decoration: none;\n      display: inline-block;\n      border-radius: 10px;\n      font-weight: bold;\n    }\n\n    .warning {\n      color: orange;\n    }\n\n    div.indent {\n      text-indent: 20px;\n    }\n\n    div.indent2 {\n      text-indent: 50px;\n    }\n\n    div.notice {\n      border: 2px solid black;\n      border-radius: 5px;\n      background-color: rgb(211, 211, 211);\n    }\n\n    /* -------------------------------------\n          HEADER, FOOTER, MAIN\n      ------------------------------------- */\n    .main {\n      background: #ffffff;\n      border-radius: 3px;\n      width: 100%;\n    }\n\n    .wrapper {\n      box-sizing: border-box;\n      padding: 20px;\n    }\n\n    .content-block {\n      padding-bottom: 10px;\n      padding-top: 10px;\n    }\n\n    .footer {\n      clear: both;\n      Margin-top: 10px;\n      text-align: center;\n      width: 100%;\n    }\n\n    .footer td,\n    .footer p,\n    .footer span,\n    .footer a {\n      color: #999999;\n      font-size: 12px;\n      text-align: center;\n    }\n\n    /* unsure why this is a good thing !   */\n    .apple-link a {\n      color: inherit !important;\n      font-family: inherit !important;\n      font-size: inherit !important;\n      font-weight: inherit !important;\n      line-height: inherit !important;\n      text-decoration: none !important;\n    }\n\n    table.footer {\n      border: 0;\n      cellpadding: 0;\n      cellspacing: 0;\n    }\n\n    .signature {\n      font-family: Verdana, Geneva, Arial, sans-serif;\n    }\n  </style>\n\n</head>\n\n<body>\n  \n<p>Hi Jim</p>\n\n<div id=\"apiaries\" class=\"container-fluid\">\n  <div class=\"indent bold\">\n    Reminders\n  </div>\n  \n    <div class=\"indent2\">\n      <a href=\"http://bee-restore.west.net.nz:8005/beedb/diary/\"></a> - Due by: \n    </div>\n    \n</div>\n\n<div class=\"notice\">\n  This email is being sent to you as per your settings in the Bee database system. You can turn on and off these emails\n  <a href=\"http://bee-restore.west.net.nz:8005/beedb/inspectPrefDetail/\">here</a>,\n  and adjust your inspections timing preferences <a href=\"http://bee-restore.west.net.nz:8005/beedb/commsPrefDetail/\">here</a>.\n</div>\n\n\n  <!-- START Signature -->\n  <div class=\"signature\">\n    <p>Cheers</p>\n\n    \n      <p>Your bee and beehive management system</p>\n    \n  </div>\n  <!-- END Signature -->\n</body>\n\n</html>\n", "processed": true, "createdDt": "2025-02-22T03:12:15.747Z", "processedDt": "2025-02-22T03:12:21.168Z"}}, {"model": "beedb.message", "pk": 72, "fields": {"beek": 1, "subject": "Weekly summary from Bee-db", "body": null, "html": "<!doctype html>\n<html>\n\n<head>\n  <meta name=\"viewport\" content=\"width=device-width\" />\n  <meta http-equiv=\"Content-Type\" content=\"text/html; charset=UTF-8\" />\n\n  <title>\n    \nReminders\n\n  </title>\n  <style>\n    body {\n      font-family: Verdana, Geneva, Arial, sans-serif;\n    }\n\n    .descr {\n      font-style: italic;\n    }\n\n    .topic {\n      font-family: Monospace;\n      color: blue;\n    }\n\n    .payload {\n      color: #0b772f;\n    }\n\n    .bold {\n      font-weight: bold;\n    }\n\n    table.node-details {\n      border: 1px solid black;\n      border-collapse: collapse;\n    }\n\n    td.node-details {\n      border: 1px solid black;\n    }\n\n    .maillink {\n      background-color: #36f44f;\n      color: white;\n      padding: 14px 25px;\n      text-align: center;\n      text-decoration: none;\n      display: inline-block;\n      border-radius: 10px;\n      font-weight: bold;\n    }\n\n    .warning {\n      color: orange;\n    }\n\n    div.indent {\n      text-indent: 20px;\n    }\n\n    div.indent2 {\n      text-indent: 50px;\n    }\n\n    div.notice {\n      border: 2px solid black;\n      border-radius: 5px;\n      background-color: rgb(211, 211, 211);\n    }\n\n    /* -------------------------------------\n          HEADER, FOOTER, MAIN\n      ------------------------------------- */\n    .main {\n      background: #ffffff;\n      border-radius: 3px;\n      width: 100%;\n    }\n\n    .wrapper {\n      box-sizing: border-box;\n      padding: 20px;\n    }\n\n    .content-block {\n      padding-bottom: 10px;\n      padding-top: 10px;\n    }\n\n    .footer {\n      clear: both;\n      Margin-top: 10px;\n      text-align: center;\n      width: 100%;\n    }\n\n    .footer td,\n    .footer p,\n    .footer span,\n    .footer a {\n      color: #999999;\n      font-size: 12px;\n      text-align: center;\n    }\n\n    /* unsure why this is a good thing !   */\n    .apple-link a {\n      color: inherit !important;\n      font-family: inherit !important;\n      font-size: inherit !important;\n      font-weight: inherit !important;\n      line-height: inherit !important;\n      text-decoration: none !important;\n    }\n\n    table.footer {\n      border: 0;\n      cellpadding: 0;\n      cellspacing: 0;\n    }\n\n    .signature {\n      font-family: Verdana, Geneva, Arial, sans-serif;\n    }\n  </style>\n\n</head>\n\n<body>\n  \n<p>Hi Jim</p>\n\n<div id=\"apiaries\" class=\"container-fluid\">\n  <div class=\"indent bold\">\n    Reminders\n  </div>\n  \n    <div class=\"indent2\">\n      <a href=\"http://bee-restore.west.net.nz:8005/beedb/diary/\"></a> - Due by: \n    </div>\n    \n</div>\n\n<div class=\"notice\">\n  This email is being sent to you as per your settings in the Bee database system. You can turn on and off these emails\n  <a href=\"http://bee-restore.west.net.nz:8005/beedb/inspectPrefDetail/\">here</a>,\n  and adjust your inspections timing preferences <a href=\"http://bee-restore.west.net.nz:8005/beedb/commsPrefDetail/\">here</a>.\n</div>\n\n\n  <!-- START Signature -->\n  <div class=\"signature\">\n    <p>Cheers</p>\n\n    \n      <p>Your bee and beehive management system</p>\n    \n  </div>\n  <!-- END Signature -->\n</body>\n\n</html>\n", "processed": true, "createdDt": "2025-02-22T03:12:50.513Z", "processedDt": "2025-02-22T03:12:56.669Z"}}, {"model": "beedb.message", "pk": 73, "fields": {"beek": 1, "subject": "Weekly summary from Bee-db", "body": null, "html": "<!doctype html>\n<html>\n\n<head>\n  <meta name=\"viewport\" content=\"width=device-width\" />\n  <meta http-equiv=\"Content-Type\" content=\"text/html; charset=UTF-8\" />\n\n  <title>\n    \nReminders\n\n  </title>\n  <style>\n    body {\n      font-family: Verdana, Geneva, Arial, sans-serif;\n    }\n\n    .descr {\n      font-style: italic;\n    }\n\n    .topic {\n      font-family: Monospace;\n      color: blue;\n    }\n\n    .payload {\n      color: #0b772f;\n    }\n\n    .bold {\n      font-weight: bold;\n    }\n\n    table.node-details {\n      border: 1px solid black;\n      border-collapse: collapse;\n    }\n\n    td.node-details {\n      border: 1px solid black;\n    }\n\n    .maillink {\n      background-color: #36f44f;\n      color: white;\n      padding: 14px 25px;\n      text-align: center;\n      text-decoration: none;\n      display: inline-block;\n      border-radius: 10px;\n      font-weight: bold;\n    }\n\n    .warning {\n      color: orange;\n    }\n\n    div.indent {\n      text-indent: 20px;\n    }\n\n    div.indent2 {\n      text-indent: 50px;\n    }\n\n    div.notice {\n      border: 2px solid black;\n      border-radius: 5px;\n      background-color: rgb(211, 211, 211);\n    }\n\n    /* -------------------------------------\n          HEADER, FOOTER, MAIN\n      ------------------------------------- */\n    .main {\n      background: #ffffff;\n      border-radius: 3px;\n      width: 100%;\n    }\n\n    .wrapper {\n      box-sizing: border-box;\n      padding: 20px;\n    }\n\n    .content-block {\n      padding-bottom: 10px;\n      padding-top: 10px;\n    }\n\n    .footer {\n      clear: both;\n      Margin-top: 10px;\n      text-align: center;\n      width: 100%;\n    }\n\n    .footer td,\n    .footer p,\n    .footer span,\n    .footer a {\n      color: #999999;\n      font-size: 12px;\n      text-align: center;\n    }\n\n    /* unsure why this is a good thing !   */\n    .apple-link a {\n      color: inherit !important;\n      font-family: inherit !important;\n      font-size: inherit !important;\n      font-weight: inherit !important;\n      line-height: inherit !important;\n      text-decoration: none !important;\n    }\n\n    table.footer {\n      border: 0;\n      cellpadding: 0;\n      cellspacing: 0;\n    }\n\n    .signature {\n      font-family: Verdana, Geneva, Arial, sans-serif;\n    }\n  </style>\n\n</head>\n\n<body>\n  \n<p>Hi Jim</p>\n\n<div id=\"apiaries\" class=\"container-fluid\">\n  <div class=\"indent bold\">\n    Reminders\n  </div>\n  \n    <div class=\"indent2\">\n      <a href=\"http://bee-restore.west.net.nz:8005/beedb/diary/\"></a> - Due by: \n      new\n    </div>\n    \n</div>\n\n<div class=\"notice\">\n  This email is being sent to you as per your settings in the Bee database system. You can turn on and off these emails\n  <a href=\"http://bee-restore.west.net.nz:8005/beedb/inspectPrefDetail/\">here</a>,\n  and adjust your inspections timing preferences <a href=\"http://bee-restore.west.net.nz:8005/beedb/commsPrefDetail/\">here</a>.\n</div>\n\n\n  <!-- START Signature -->\n  <div class=\"signature\">\n    <p>Cheers</p>\n\n    \n      <p>Your bee and beehive management system</p>\n    \n  </div>\n  <!-- END Signature -->\n</body>\n\n</html>\n", "processed": true, "createdDt": "2025-02-22T03:13:53.165Z", "processedDt": "2025-02-22T03:13:58.649Z"}}, {"model": "beedb.message", "pk": 74, "fields": {"beek": 1, "subject": "Weekly summary from Bee-db", "body": null, "html": "<!doctype html>\n<html>\n\n<head>\n  <meta name=\"viewport\" content=\"width=device-width\" />\n  <meta http-equiv=\"Content-Type\" content=\"text/html; charset=UTF-8\" />\n\n  <title>\n    \nReminders\n\n  </title>\n  <style>\n    body {\n      font-family: Verdana, Geneva, Arial, sans-serif;\n    }\n\n    .descr {\n      font-style: italic;\n    }\n\n    .topic {\n      font-family: Monospace;\n      color: blue;\n    }\n\n    .payload {\n      color: #0b772f;\n    }\n\n    .bold {\n      font-weight: bold;\n    }\n\n    table.node-details {\n      border: 1px solid black;\n      border-collapse: collapse;\n    }\n\n    td.node-details {\n      border: 1px solid black;\n    }\n\n    .maillink {\n      background-color: #36f44f;\n      color: white;\n      padding: 14px 25px;\n      text-align: center;\n      text-decoration: none;\n      display: inline-block;\n      border-radius: 10px;\n      font-weight: bold;\n    }\n\n    .warning {\n      color: orange;\n    }\n\n    div.indent {\n      text-indent: 20px;\n    }\n\n    div.indent2 {\n      text-indent: 50px;\n    }\n\n    div.notice {\n      border: 2px solid black;\n      border-radius: 5px;\n      background-color: rgb(211, 211, 211);\n    }\n\n    /* -------------------------------------\n          HEADER, FOOTER, MAIN\n      ------------------------------------- */\n    .main {\n      background: #ffffff;\n      border-radius: 3px;\n      width: 100%;\n    }\n\n    .wrapper {\n      box-sizing: border-box;\n      padding: 20px;\n    }\n\n    .content-block {\n      padding-bottom: 10px;\n      padding-top: 10px;\n    }\n\n    .footer {\n      clear: both;\n      Margin-top: 10px;\n      text-align: center;\n      width: 100%;\n    }\n\n    .footer td,\n    .footer p,\n    .footer span,\n    .footer a {\n      color: #999999;\n      font-size: 12px;\n      text-align: center;\n    }\n\n    /* unsure why this is a good thing !   */\n    .apple-link a {\n      color: inherit !important;\n      font-family: inherit !important;\n      font-size: inherit !important;\n      font-weight: inherit !important;\n      line-height: inherit !important;\n      text-decoration: none !important;\n    }\n\n    table.footer {\n      border: 0;\n      cellpadding: 0;\n      cellspacing: 0;\n    }\n\n    .signature {\n      font-family: Verdana, Geneva, Arial, sans-serif;\n    }\n  </style>\n\n</head>\n\n<body>\n  \n<p>Hi Jim</p>\n\n<div id=\"apiaries\" class=\"container-fluid\">\n  <div class=\"indent bold\">\n    Reminders\n  </div>\n  \n    <div class=\"indent2\">\n      <a href=\"http://bee-restore.west.net.nz:8005/beedb/diary/\"></a> - Due by: \n      &lt;QuerySet [&lt;Diary: Beek: jim, Subject: test reminder due&gt;]&gt;\n    </div>\n    \n</div>\n\n<div class=\"notice\">\n  This email is being sent to you as per your settings in the Bee database system. You can turn on and off these emails\n  <a href=\"http://bee-restore.west.net.nz:8005/beedb/inspectPrefDetail/\">here</a>,\n  and adjust your inspections timing preferences <a href=\"http://bee-restore.west.net.nz:8005/beedb/commsPrefDetail/\">here</a>.\n</div>\n\n\n  <!-- START Signature -->\n  <div class=\"signature\">\n    <p>Cheers</p>\n\n    \n      <p>Your bee and beehive management system</p>\n    \n  </div>\n  <!-- END Signature -->\n</body>\n\n</html>\n", "processed": true, "createdDt": "2025-02-22T03:14:33.388Z", "processedDt": "2025-02-22T03:14:38.708Z"}}, {"model": "beedb.message", "pk": 75, "fields": {"beek": 1, "subject": "Weekly summary from Bee-db", "body": null, "html": "<!doctype html>\n<html>\n\n<head>\n  <meta name=\"viewport\" content=\"width=device-width\" />\n  <meta http-equiv=\"Content-Type\" content=\"text/html; charset=UTF-8\" />\n\n  <title>\n    \nReminders\n\n  </title>\n  <style>\n    body {\n      font-family: Verdana, Geneva, Arial, sans-serif;\n    }\n\n    .descr {\n      font-style: italic;\n    }\n\n    .topic {\n      font-family: Monospace;\n      color: blue;\n    }\n\n    .payload {\n      color: #0b772f;\n    }\n\n    .bold {\n      font-weight: bold;\n    }\n\n    table.node-details {\n      border: 1px solid black;\n      border-collapse: collapse;\n    }\n\n    td.node-details {\n      border: 1px solid black;\n    }\n\n    .maillink {\n      background-color: #36f44f;\n      color: white;\n      padding: 14px 25px;\n      text-align: center;\n      text-decoration: none;\n      display: inline-block;\n      border-radius: 10px;\n      font-weight: bold;\n    }\n\n    .warning {\n      color: orange;\n    }\n\n    div.indent {\n      text-indent: 20px;\n    }\n\n    div.indent2 {\n      text-indent: 50px;\n    }\n\n    div.notice {\n      border: 2px solid black;\n      border-radius: 5px;\n      background-color: rgb(211, 211, 211);\n    }\n\n    /* -------------------------------------\n          HEADER, FOOTER, MAIN\n      ------------------------------------- */\n    .main {\n      background: #ffffff;\n      border-radius: 3px;\n      width: 100%;\n    }\n\n    .wrapper {\n      box-sizing: border-box;\n      padding: 20px;\n    }\n\n    .content-block {\n      padding-bottom: 10px;\n      padding-top: 10px;\n    }\n\n    .footer {\n      clear: both;\n      Margin-top: 10px;\n      text-align: center;\n      width: 100%;\n    }\n\n    .footer td,\n    .footer p,\n    .footer span,\n    .footer a {\n      color: #999999;\n      font-size: 12px;\n      text-align: center;\n    }\n\n    /* unsure why this is a good thing !   */\n    .apple-link a {\n      color: inherit !important;\n      font-family: inherit !important;\n      font-size: inherit !important;\n      font-weight: inherit !important;\n      line-height: inherit !important;\n      text-decoration: none !important;\n    }\n\n    table.footer {\n      border: 0;\n      cellpadding: 0;\n      cellspacing: 0;\n    }\n\n    .signature {\n      font-family: Verdana, Geneva, Arial, sans-serif;\n    }\n  </style>\n\n</head>\n\n<body>\n  \n<p>Hi Jim</p>\n\n<div id=\"apiaries\" class=\"container-fluid\">\n  <div class=\"indent bold\">\n    Reminders\n  </div>\n  \n    <div class=\"indent2\">\n      <a href=\"http://bee-restore.west.net.nz:8005/beedb/diary/4\">test reminder due</a> - Due by: Fri 21 Feb 2025\n      Beek: jim, Subject: test reminder due\n    </div>\n    \n</div>\n\n<div class=\"notice\">\n  This email is being sent to you as per your settings in the Bee database system. You can turn on and off these emails\n  <a href=\"http://bee-restore.west.net.nz:8005/beedb/inspectPrefDetail/\">here</a>,\n  and adjust your inspections timing preferences <a href=\"http://bee-restore.west.net.nz:8005/beedb/commsPrefDetail/\">here</a>.\n</div>\n\n\n  <!-- START Signature -->\n  <div class=\"signature\">\n    <p>Cheers</p>\n\n    \n      <p>Your bee and beehive management system</p>\n    \n  </div>\n  <!-- END Signature -->\n</body>\n\n</html>\n", "processed": true, "createdDt": "2025-02-22T03:21:50.539Z", "processedDt": "2025-02-22T03:21:55.925Z"}}, {"model": "beedb.treatmenttype", "pk": 1, "fields": {"name": "Apistan", "manufacturer": "Vita", "organic": false, "requireRemoval": true, "daysInHive": 42, "url": null, "description": "Tau fluvalinate", "instructions": "Insert 2 strips per brood box (10 frames) for 6 weeks.\r\n\r\nDo not use which honey supers on"}}, {"model": "beedb.treatmenttype", "pk": 2, "fields": {"name": "Formic Pro", "manufacturer": "NOD Apiaries", "organic": true, "requireRemoval": true, "daysInHive": 7, "url": "https://nodglobal.com/formic-pro/", "description": "Formic Pro is an all-natural product that targets varroa mites where they reproduce, under the brood cap. Manufactured in ready-to-use strips, it features an extended shelf-life of 24 months and no storage limitations.\r\n\r\nFormic Pro comes in easy-to-use strips that are specially formulated with the active ingredient: formic acid. This organic acid penetrates the brood cap, targeting mites where they reproduce and protecting baby bees when theyre most vulnerable. Designed to be used as part of an integrated pest management (IPM) program, follow the special precautions for safe and effective use.", "instructions": "Should only be applied when temperatures are between 10c - 29c.\r\n\r\nApply 2 strips per colony, regardless of number of brood chambers. Do not remove outer paper covering.\r\n\r\nEnsure Ventilation\r\nRemove entrance reducers. Bottom board entrances must be full width of the hive, minimum height  inch or 1.3 cm and fully open for entire treatment. If colonies have permanently reduced entrances, set back the upper brood box by  inch or 1.3 cm, or insert wedges between the bottom box and the bottom board to create a full entrance. Close off screen bottom boards for maximum efficacy. Do not consider open screen bottom boards as ventilation; bees draw in air through the bottom entrance to ventilate the colony."}}, {"model": "beedb.treatmenttype", "pk": 3, "fields": {"name": "Oxalic Acid Vapourisation", "manufacturer": "NA", "organic": true, "requireRemoval": false, "daysInHive": null, "url": null, "description": "Oxalic acid is vapourised using heat and applied to the brood chambers. Can be used with honey supers on.", "instructions": "N.B> Ensure you are using good PPE, personal protective equipment.\r\nEither use a commercial vapouriser and blow the vapour into the hive. Or use a heating plate. I this method the oxalic acid (OA) is placed on the plate, the plate is inserted into the botton of the hive and then heated to vapourised the OA."}}, {"model": "beedb.sizechoice", "pk": 1, "fields": {"size": 1, "type": "Number", "value": 0, "text": "Not Recorded"}}, {"model": "beedb.sizechoice", "pk": 2, "fields": {"size": 1, "type": "Number", "value": 1, "text": "Bees on all frames"}}, {"model": "beedb.sizechoice", "pk": 3, "fields": {"size": 1, "type": "Number", "value": 2, "text": "Good bee numbers"}}, {"model": "beedb.sizechoice", "pk": 4, "fields": {"size": 1, "type": "Number", "value": 3, "text": "A frame of bees"}}, {"model": "beedb.sizechoice", "pk": 5, "fields": {"size": 1, "type": "Number", "value": 4, "text": "Very few bees"}}, {"model": "beedb.sizechoice", "pk": 6, "fields": {"size": 1, "type": "Number", "value": 5, "text": "No bees"}}, {"model": "beedb.sizechoice", "pk": 7, "fields": {"size": 2, "type": "Number", "value": 0, "text": "Not Recorded"}}, {"model": "beedb.sizechoice", "pk": 8, "fields": {"size": 2, "type": "Number", "value": 1, "text": "Bees on all frames"}}, {"model": "beedb.sizechoice", "pk": 9, "fields": {"size": 2, "type": "Number", "value": 2, "text": "Good bee numbers"}}, {"model": "beedb.sizechoice", "pk": 10, "fields": {"size": 2, "type": "Number", "value": 3, "text": "A single frame of bees"}}, {"model": "beedb.sizechoice", "pk": 11, "fields": {"size": 2, "type": "Number", "value": 4, "text": "Very few bees"}}, {"model": "beedb.sizechoice", "pk": 12, "fields": {"size": 2, "type": "Number", "value": 5, "text": "No bees"}}, {"model": "beedb.sizechoice", "pk": 13, "fields": {"size": 3, "type": "Number", "value": 0, "text": "Not Recorded"}}, {"model": "beedb.sizechoice", "pk": 14, "fields": {"size": 3, "type": "Number", "value": 1, "text": "Bees on all frames"}}, {"model": "beedb.sizechoice", "pk": 15, "fields": {"size": 3, "type": "Number", "value": 2, "text": "Bees on most frames"}}, {"model": "beedb.sizechoice", "pk": 16, "fields": {"size": 3, "type": "Number", "value": 3, "text": "Only a few frames with bees"}}, {"model": "beedb.sizechoice", "pk": 17, "fields": {"size": 3, "type": "Number", "value": 4, "text": "Very few bees"}}, {"model": "beedb.sizechoice", "pk": 18, "fields": {"size": 3, "type": "Number", "value": 5, "text": "No bees"}}, {"model": "beedb.sizechoice", "pk": 19, "fields": {"size": 4, "type": "Number", "value": 0, "text": "Not Recorded"}}, {"model": "beedb.sizechoice", "pk": 20, "fields": {"size": 4, "type": "Number", "value": 1, "text": "Most frames with bees"}}, {"model": "beedb.sizechoice", "pk": 21, "fields": {"size": 4, "type": "Number", "value": 2, "text": "8 or more frames with bees"}}, {"model": "beedb.sizechoice", "pk": 22, "fields": {"size": 4, "type": "Number", "value": 3, "text": "Only a few frames with bees"}}, {"model": "beedb.sizechoice", "pk": 23, "fields": {"size": 4, "type": "Number", "value": 4, "text": "Very few bees"}}, {"model": "beedb.sizechoice", "pk": 24, "fields": {"size": 4, "type": "Number", "value": 5, "text": "No bees"}}, {"model": "beedb.sizechoice", "pk": 25, "fields": {"size": 5, "type": "Number", "value": 0, "text": "Not Recorded"}}, {"model": "beedb.sizechoice", "pk": 26, "fields": {"size": 5, "type": "Number", "value": 1, "text": "20 or more frames with bees"}}, {"model": "beedb.sizechoice", "pk": 27, "fields": {"size": 5, "type": "Number", "value": 2, "text": "10 or more frames with bees"}}, {"model": "beedb.sizechoice", "pk": 28, "fields": {"size": 5, "type": "Number", "value": 3, "text": "Only a few frames with bees"}}, {"model": "beedb.sizechoice", "pk": 29, "fields": {"size": 5, "type": "Number", "value": 4, "text": "Very few bees"}}, {"model": "beedb.sizechoice", "pk": 30, "fields": {"size": 5, "type": "Number", "value": 5, "text": "No bees"}}, {"model": "beedb.sizechoice", "pk": 31, "fields": {"size": 1, "type": "Weight", "value": 0, "text": "Not Recorded"}}, {"model": "beedb.sizechoice", "pk": 32, "fields": {"size": 1, "type": "Weight", "value": 1, "text": "Good honey stores"}}, {"model": "beedb.sizechoice", "pk": 33, "fields": {"size": 1, "type": "Weight", "value": 2, "text": "Some stored honey"}}, {"model": "beedb.sizechoice", "pk": 34, "fields": {"size": 1, "type": "Weight", "value": 3, "text": "Some nectar"}}, {"model": "beedb.sizechoice", "pk": 35, "fields": {"size": 1, "type": "Weight", "value": 4, "text": "A little nectar"}}, {"model": "beedb.sizechoice", "pk": 36, "fields": {"size": 1, "type": "Weight", "value": 5, "text": "No stores"}}, {"model": "beedb.sizechoice", "pk": 37, "fields": {"size": 2, "type": "Weight", "value": 0, "text": "Not Recorded"}}, {"model": "beedb.sizechoice", "pk": 38, "fields": {"size": 2, "type": "Weight", "value": 1, "text": "Good honey stores"}}, {"model": "beedb.sizechoice", "pk": 39, "fields": {"size": 2, "type": "Weight", "value": 2, "text": "Some stored honey"}}, {"model": "beedb.sizechoice", "pk": 40, "fields": {"size": 2, "type": "Weight", "value": 3, "text": "Some nectar"}}, {"model": "beedb.sizechoice", "pk": 41, "fields": {"size": 2, "type": "Weight", "value": 4, "text": "A little nectar"}}, {"model": "beedb.sizechoice", "pk": 42, "fields": {"size": 2, "type": "Weight", "value": 5, "text": "No stores"}}, {"model": "beedb.sizechoice", "pk": 43, "fields": {"size": 3, "type": "Weight", "value": 0, "text": "Not Recorded"}}, {"model": "beedb.sizechoice", "pk": 44, "fields": {"size": 3, "type": "Weight", "value": 1, "text": "10 kg or more"}}, {"model": "beedb.sizechoice", "pk": 45, "fields": {"size": 3, "type": "Weight", "value": 2, "text": "5 - 10 kg"}}, {"model": "beedb.sizechoice", "pk": 46, "fields": {"size": 3, "type": "Weight", "value": 3, "text": "A few frames with honey/nectar"}}, {"model": "beedb.sizechoice", "pk": 47, "fields": {"size": 3, "type": "Weight", "value": 4, "text": "A bit of nectar/honey"}}, {"model": "beedb.sizechoice", "pk": 48, "fields": {"size": 3, "type": "Weight", "value": 5, "text": "No stores"}}, {"model": "beedb.sizechoice", "pk": 49, "fields": {"size": 4, "type": "Weight", "value": 0, "text": "Not Recorded"}}, {"model": "beedb.sizechoice", "pk": 50, "fields": {"size": 4, "type": "Weight", "value": 1, "text": "20kg or more honey"}}, {"model": "beedb.sizechoice", "pk": 51, "fields": {"size": 4, "type": "Weight", "value": 2, "text": "10 - 20 kg honey"}}, {"model": "beedb.sizechoice", "pk": 52, "fields": {"size": 4, "type": "Weight", "value": 3, "text": "Honey on 5 or more frames"}}, {"model": "beedb.sizechoice", "pk": 53, "fields": {"size": 4, "type": "Weight", "value": 4, "text": "Not much honey/nectar"}}, {"model": "beedb.sizechoice", "pk": 54, "fields": {"size": 4, "type": "Weight", "value": 5, "text": "No stores"}}, {"model": "beedb.sizechoice", "pk": 55, "fields": {"size": 5, "type": "Weight", "value": 0, "text": "Not Recorded"}}, {"model": "beedb.sizechoice", "pk": 56, "fields": {"size": 5, "type": "Weight", "value": 1, "text": "20kg or more honey"}}, {"model": "beedb.sizechoice", "pk": 57, "fields": {"size": 5, "type": "Weight", "value": 2, "text": "10 - 20 kg honey"}}, {"model": "beedb.sizechoice", "pk": 58, "fields": {"size": 5, "type": "Weight", "value": 3, "text": "Honey on 5 or more frames"}}, {"model": "beedb.sizechoice", "pk": 59, "fields": {"size": 5, "type": "Weight", "value": 4, "text": "Not much honey/nectar"}}, {"model": "beedb.sizechoice", "pk": 60, "fields": {"size": 5, "type": "Weight", "value": 5, "text": "No stores"}}, {"model": "beedb.picture", "pk": 1, "fields": {"title": "ere", "img": "images/3/3/5/Swim_Scapes_3_enhanced.jpg", "beek": 3, "apiary": 3, "colony": 5, "inspection": null, "uploadDt": "2025-02-15T22:46:41.563Z"}}, {"model": "beedb.picture", "pk": 2, "fields": {"title": "ewq", "img": "images/3/3/IMG_20250106_203049.jpg", "beek": 3, "apiary": 3, "colony": null, "inspection": null, "uploadDt": "2025-02-15T22:46:56.874Z"}}]